783,951,CFG
950,953,CFG
951,952,CFG
952,950,CFG
953,955,CFG
954,957,CFG
955,956,CFG
956,954,CFG
957,965,CFG
958,959,CFG
959,960,CFG
960,961,CFG
961,962,CFG
962,963,CFG
963,964,CFG
964,967,CFG
965,966,CFG
966,958,CFG
967,977,CFG
968,969,CFG
969,970,CFG
970,971,CFG
971,972,CFG
972,973,CFG
973,974,CFG
974,975,CFG
975,976,CFG
976,979,CFG
977,978,CFG
978,968,CFG
979,980,CFG
980,981,CFG
981,982,CFG
982,983,CFG
983,984,CFG
984,985,CFG
985,986,CFG
986,987,CFG
987,988,CFG
988,989,CFG
989,990,CFG
990,991,CFG
991,992,CFG
992,993,CFG
993,994,CFG
994,995,CFG
995,996,CFG
996,997,CFG
997,998,CFG
998,999,CFG
999,1000,CFG
1000,1001,CFG
1001,1002,CFG
1002,1003,CFG
1003,1004,CFG
1004,1005,CFG
1005,1006,CFG
1006,1007,CFG
1007,1008,CFG
1008,1009,CFG
1009,1010,CFG
1010,1011,CFG
1011,1012,CFG
1012,3134,CFG
1012,1013,CFG
1013,1014,CFG
1014,1015,CFG
1015,1016,CFG
1016,1017,CFG
1017,1018,CFG
1018,1019,CFG
1019,1020,CFG
1020,1021,CFG
1021,1022,CFG
1022,1023,CFG
1023,1043,CFG
1024,1025,CFG
1025,1026,CFG
1026,1027,CFG
1027,1028,CFG
1028,1029,CFG
1029,1030,CFG
1030,1031,CFG
1031,1032,CFG
1032,1033,CFG
1033,1034,CFG
1034,1035,CFG
1035,1036,CFG
1036,1037,CFG
1037,1038,CFG
1038,1039,CFG
1039,1040,CFG
1040,1041,CFG
1041,1042,CFG
1042,1045,CFG
1043,1044,CFG
1044,1024,CFG
1045,1046,CFG
1046,1047,CFG
1047,1048,CFG
1048,1049,CFG
1049,1050,CFG
1050,1051,CFG
1051,1344,CFG
1051,1052,CFG
1052,1054,CFG
1053,1056,CFG
1054,1055,CFG
1055,1053,CFG
1056,1057,CFG
1057,1058,CFG
1058,1059,CFG
1059,1060,CFG
1060,1061,CFG
1061,1062,CFG
1061,3134,CFG
1062,1063,CFG
1063,1064,CFG
1064,1065,CFG
1065,1066,CFG
1066,1067,CFG
1067,1068,CFG
1068,1069,CFG
1069,1070,CFG
1070,1071,CFG
1071,1072,CFG
1072,3134,CFG
1072,1073,CFG
1073,1075,CFG
1074,1083,CFG
1075,1076,CFG
1076,1077,CFG
1077,1078,CFG
1078,1079,CFG
1079,1080,CFG
1080,1081,CFG
1081,1082,CFG
1082,1074,CFG
1083,1084,CFG
1084,1085,CFG
1085,1086,CFG
1086,1087,CFG
1087,1088,CFG
1088,3134,CFG
1088,1089,CFG
1089,1091,CFG
1090,1107,CFG
1091,1092,CFG
1092,1093,CFG
1093,1094,CFG
1094,1095,CFG
1095,1096,CFG
1096,1097,CFG
1097,1098,CFG
1098,1099,CFG
1099,1100,CFG
1100,1101,CFG
1101,1102,CFG
1102,1103,CFG
1103,1104,CFG
1104,1105,CFG
1105,1106,CFG
1106,1090,CFG
1107,1108,CFG
1108,1109,CFG
1109,1110,CFG
1110,1111,CFG
1111,1112,CFG
1112,3134,CFG
1112,1114,CFG
1113,1117,CFG
1114,1115,CFG
1115,1116,CFG
1116,1113,CFG
1117,1118,CFG
1118,1119,CFG
1119,1120,CFG
1120,1121,CFG
1121,1122,CFG
1122,1123,CFG
1123,1124,CFG
1124,1125,CFG
1125,1126,CFG
1126,1127,CFG
1127,3134,CFG
1127,1128,CFG
1128,1130,CFG
1129,1143,CFG
1130,1131,CFG
1131,1132,CFG
1132,1133,CFG
1133,1134,CFG
1134,1135,CFG
1135,1136,CFG
1136,1137,CFG
1137,1138,CFG
1138,1139,CFG
1139,1140,CFG
1140,1141,CFG
1141,1142,CFG
1142,1129,CFG
1143,1144,CFG
1144,1146,CFG
1145,1149,CFG
1146,1147,CFG
1147,1148,CFG
1148,1145,CFG
1149,1153,CFG
1150,1151,CFG
1151,1152,CFG
1152,1155,CFG
1153,1154,CFG
1154,1150,CFG
1155,1161,CFG
1156,1157,CFG
1157,1158,CFG
1158,1159,CFG
1159,1160,CFG
1160,1168,CFG
1161,1162,CFG
1162,1163,CFG
1163,1164,CFG
1164,1165,CFG
1165,1166,CFG
1166,1167,CFG
1167,1156,CFG
1168,1169,CFG
1169,1171,CFG
1170,1190,CFG
1171,1172,CFG
1172,1173,CFG
1173,1174,CFG
1174,1175,CFG
1175,1176,CFG
1176,1177,CFG
1177,1178,CFG
1178,1179,CFG
1179,1180,CFG
1180,1181,CFG
1181,1182,CFG
1182,1183,CFG
1183,1184,CFG
1184,1185,CFG
1185,1186,CFG
1186,1187,CFG
1187,1188,CFG
1188,1189,CFG
1189,1170,CFG
1190,1192,CFG
1191,1199,CFG
1192,1193,CFG
1193,1194,CFG
1194,1195,CFG
1195,1196,CFG
1196,1197,CFG
1197,1198,CFG
1198,1191,CFG
1199,1200,CFG
1200,1202,CFG
1201,1216,CFG
1202,1203,CFG
1203,1204,CFG
1204,1205,CFG
1205,1206,CFG
1206,1207,CFG
1207,1208,CFG
1208,1209,CFG
1209,1210,CFG
1210,1211,CFG
1211,1212,CFG
1212,1213,CFG
1213,1214,CFG
1214,1215,CFG
1215,1201,CFG
1216,1218,CFG
1217,1225,CFG
1218,1219,CFG
1219,1220,CFG
1220,1221,CFG
1221,1222,CFG
1222,1223,CFG
1223,1224,CFG
1224,1217,CFG
1225,1227,CFG
1226,1234,CFG
1227,1228,CFG
1228,1229,CFG
1229,1230,CFG
1230,1231,CFG
1231,1232,CFG
1232,1233,CFG
1233,1226,CFG
1234,1236,CFG
1235,1243,CFG
1236,1237,CFG
1237,1238,CFG
1238,1239,CFG
1239,1240,CFG
1240,1241,CFG
1241,1242,CFG
1242,1235,CFG
1243,1245,CFG
1244,1252,CFG
1245,1246,CFG
1246,1247,CFG
1247,1248,CFG
1248,1249,CFG
1249,1250,CFG
1250,1251,CFG
1251,1244,CFG
1252,1253,CFG
1253,1255,CFG
1254,1270,CFG
1255,1256,CFG
1256,1257,CFG
1257,1258,CFG
1258,1259,CFG
1259,1260,CFG
1260,1261,CFG
1261,1262,CFG
1262,1263,CFG
1263,1264,CFG
1264,1265,CFG
1265,1266,CFG
1266,1267,CFG
1267,1268,CFG
1268,1269,CFG
1269,1254,CFG
1270,1272,CFG
1271,1274,CFG
1272,1273,CFG
1273,1271,CFG
1274,1275,CFG
1275,1276,CFG
1276,1277,CFG
1277,1278,CFG
1278,1279,CFG
1279,1280,CFG
1280,3134,CFG
1280,1288,CFG
1281,1282,CFG
1282,1283,CFG
1283,1284,CFG
1284,1285,CFG
1285,1286,CFG
1286,1287,CFG
1287,1299,CFG
1288,1289,CFG
1289,1290,CFG
1290,1291,CFG
1291,1292,CFG
1292,1293,CFG
1293,1294,CFG
1294,1295,CFG
1295,1296,CFG
1296,1297,CFG
1297,1298,CFG
1298,1281,CFG
1299,1300,CFG
1300,1301,CFG
1301,1302,CFG
1302,1303,CFG
1303,1304,CFG
1304,1305,CFG
1305,1306,CFG
1306,1307,CFG
1307,1308,CFG
1308,1309,CFG
1309,1310,CFG
1310,1312,CFG
1311,1323,CFG
1312,1313,CFG
1313,1314,CFG
1314,1315,CFG
1315,1316,CFG
1316,1317,CFG
1317,1318,CFG
1318,1319,CFG
1319,1320,CFG
1320,1321,CFG
1321,1322,CFG
1322,1311,CFG
1323,1324,CFG
1324,1325,CFG
1325,1326,CFG
1326,1327,CFG
1327,1328,CFG
1328,1329,CFG
1329,1330,CFG
1330,1331,CFG
1331,1332,CFG
1332,1333,CFG
1333,1334,CFG
1334,1336,CFG
1335,1343,CFG
1336,1337,CFG
1337,1338,CFG
1338,1339,CFG
1339,1340,CFG
1340,1341,CFG
1341,1342,CFG
1342,1335,CFG
1343,1344,CFG
1344,1345,CFG
1345,1346,CFG
1346,1347,CFG
1347,1348,CFG
1348,1349,CFG
1349,1350,CFG
1350,1351,CFG
1351,1352,CFG
1352,1353,CFG
1353,1354,CFG
1354,1355,CFG
1355,1356,CFG
1356,1357,CFG
1357,1358,CFG
1358,1359,CFG
1359,1360,CFG
1360,1361,CFG
1361,1362,CFG
1362,1363,CFG
1363,1364,CFG
1364,1365,CFG
1365,1366,CFG
1366,1367,CFG
1367,1368,CFG
1368,1369,CFG
1369,1370,CFG
1370,1371,CFG
1371,1372,CFG
1372,1373,CFG
1373,1374,CFG
1374,1375,CFG
1375,1376,CFG
1376,1377,CFG
1377,1378,CFG
1378,1379,CFG
1379,1380,CFG
1380,1381,CFG
1381,1382,CFG
1381,3134,CFG
1382,1383,CFG
1383,1384,CFG
1384,1385,CFG
1385,1386,CFG
1386,1387,CFG
1387,1388,CFG
1388,1389,CFG
1389,1390,CFG
1390,1391,CFG
1391,1392,CFG
1392,1393,CFG
1393,1394,CFG
1394,1396,CFG
1395,1398,CFG
1396,1397,CFG
1397,1395,CFG
1398,1399,CFG
1399,1400,CFG
1400,1401,CFG
1401,1402,CFG
1402,1403,CFG
1403,1404,CFG
1404,1405,CFG
1405,1406,CFG
1406,1407,CFG
1407,1408,CFG
1408,1409,CFG
1409,1411,CFG
1409,1535,CFG
1410,1422,CFG
1411,1412,CFG
1412,1413,CFG
1413,1414,CFG
1414,1415,CFG
1415,1416,CFG
1416,1417,CFG
1417,1418,CFG
1418,1419,CFG
1419,1420,CFG
1420,1421,CFG
1421,1410,CFG
1422,1423,CFG
1423,1425,CFG
1424,1444,CFG
1425,1426,CFG
1426,1427,CFG
1427,1428,CFG
1428,1429,CFG
1429,1430,CFG
1430,1431,CFG
1431,1432,CFG
1432,1433,CFG
1433,1434,CFG
1434,1435,CFG
1435,1436,CFG
1436,1437,CFG
1437,1438,CFG
1438,1439,CFG
1439,1440,CFG
1440,1441,CFG
1441,1442,CFG
1442,1443,CFG
1443,1424,CFG
1444,1445,CFG
1445,1446,CFG
1446,1447,CFG
1447,1448,CFG
1448,1449,CFG
1449,1450,CFG
1450,1451,CFG
1451,1452,CFG
1452,1453,CFG
1453,1454,CFG
1454,1455,CFG
1455,1456,CFG
1455,3134,CFG
1456,1458,CFG
1457,1465,CFG
1458,1459,CFG
1459,1460,CFG
1460,1461,CFG
1461,1462,CFG
1462,1463,CFG
1463,1464,CFG
1464,1457,CFG
1465,1467,CFG
1466,1469,CFG
1467,1468,CFG
1468,1466,CFG
1469,1470,CFG
1470,1471,CFG
1471,1472,CFG
1472,1473,CFG
1473,1474,CFG
1474,1475,CFG
1475,1476,CFG
1476,1477,CFG
1477,1478,CFG
1478,1479,CFG
1479,1480,CFG
1480,1481,CFG
1481,3134,CFG
1481,1491,CFG
1482,1483,CFG
1483,1484,CFG
1484,1485,CFG
1485,1486,CFG
1486,1487,CFG
1487,1488,CFG
1488,1489,CFG
1489,1490,CFG
1490,1498,CFG
1491,1492,CFG
1492,1493,CFG
1493,1494,CFG
1494,1495,CFG
1495,1496,CFG
1496,1497,CFG
1497,1482,CFG
1498,1499,CFG
1499,1501,CFG
1500,1508,CFG
1501,1502,CFG
1502,1503,CFG
1503,1504,CFG
1504,1505,CFG
1505,1506,CFG
1506,1507,CFG
1507,1500,CFG
1508,1510,CFG
1509,1512,CFG
1510,1511,CFG
1511,1509,CFG
1512,1513,CFG
1513,1514,CFG
1514,1515,CFG
1515,1516,CFG
1516,1517,CFG
1517,1518,CFG
1518,1519,CFG
1519,1520,CFG
1520,1521,CFG
1521,1522,CFG
1522,1523,CFG
1523,1524,CFG
1524,1525,CFG
1525,1526,CFG
1526,1527,CFG
1527,1528,CFG
1528,1529,CFG
1529,1530,CFG
1530,1531,CFG
1531,1532,CFG
1532,1533,CFG
1533,3134,CFG
1533,1534,CFG
1534,3134,CFG
1535,1536,CFG
1536,1537,CFG
1537,1538,CFG
1538,1539,CFG
1539,1540,CFG
1540,1541,CFG
1541,1542,CFG
1542,1543,CFG
1543,1544,CFG
1544,1545,CFG
1545,1546,CFG
1545,1800,CFG
1546,1548,CFG
1547,1567,CFG
1548,1549,CFG
1549,1550,CFG
1550,1551,CFG
1551,1552,CFG
1552,1553,CFG
1553,1554,CFG
1554,1555,CFG
1555,1556,CFG
1556,1557,CFG
1557,1558,CFG
1558,1559,CFG
1559,1560,CFG
1560,1561,CFG
1561,1562,CFG
1562,1563,CFG
1563,1564,CFG
1564,1565,CFG
1565,1566,CFG
1566,1547,CFG
1567,1569,CFG
1568,1571,CFG
1569,1570,CFG
1570,1568,CFG
1571,1572,CFG
1572,1573,CFG
1573,1574,CFG
1574,1575,CFG
1575,1576,CFG
1576,1577,CFG
1577,3134,CFG
1577,1578,CFG
1578,1579,CFG
1579,1580,CFG
1580,1581,CFG
1581,1582,CFG
1582,1583,CFG
1583,1584,CFG
1584,1585,CFG
1585,1586,CFG
1586,1587,CFG
1587,1588,CFG
1588,1589,CFG
1589,1590,CFG
1590,1591,CFG
1591,1592,CFG
1592,1593,CFG
1593,1594,CFG
1594,1595,CFG
1595,1596,CFG
1596,1597,CFG
1597,1598,CFG
1598,1599,CFG
1599,1600,CFG
1600,1601,CFG
1601,1602,CFG
1602,1603,CFG
1603,1605,CFG
1604,1615,CFG
1605,1606,CFG
1606,1607,CFG
1607,1608,CFG
1608,1609,CFG
1609,1610,CFG
1610,1611,CFG
1611,1612,CFG
1612,1613,CFG
1613,1614,CFG
1614,1604,CFG
1615,1616,CFG
1616,1617,CFG
1617,1618,CFG
1618,1619,CFG
1619,1620,CFG
1620,1621,CFG
1621,1622,CFG
1622,1623,CFG
1623,1624,CFG
1624,1625,CFG
1625,1626,CFG
1626,1627,CFG
1627,1628,CFG
1628,1629,CFG
1629,1630,CFG
1630,1631,CFG
1631,1632,CFG
1632,1633,CFG
1633,1634,CFG
1634,1635,CFG
1635,1636,CFG
1636,1637,CFG
1637,1638,CFG
1638,1639,CFG
1639,1640,CFG
1640,1641,CFG
1641,1643,CFG
1642,1653,CFG
1643,1644,CFG
1644,1645,CFG
1645,1646,CFG
1646,1647,CFG
1647,1648,CFG
1648,1649,CFG
1649,1650,CFG
1650,1651,CFG
1651,1652,CFG
1652,1642,CFG
1653,1656,CFG
1654,1655,CFG
1655,1658,CFG
1656,1657,CFG
1657,1654,CFG
1658,1680,CFG
1659,1660,CFG
1660,1661,CFG
1661,1662,CFG
1662,1663,CFG
1663,1664,CFG
1664,1665,CFG
1665,1666,CFG
1666,1667,CFG
1667,1668,CFG
1668,1669,CFG
1669,1670,CFG
1670,1671,CFG
1671,1672,CFG
1672,1673,CFG
1673,1674,CFG
1674,1675,CFG
1675,1676,CFG
1676,1677,CFG
1677,1678,CFG
1678,1679,CFG
1679,1691,CFG
1680,1681,CFG
1681,1682,CFG
1682,1683,CFG
1683,1684,CFG
1684,1685,CFG
1685,1686,CFG
1686,1687,CFG
1687,1688,CFG
1688,1689,CFG
1689,1690,CFG
1690,1659,CFG
1691,1692,CFG
1692,1693,CFG
1693,1694,CFG
1694,1695,CFG
1695,1696,CFG
1696,1697,CFG
1697,1698,CFG
1698,1699,CFG
1699,1700,CFG
1700,1701,CFG
1701,1702,CFG
1702,1703,CFG
1703,1704,CFG
1704,1705,CFG
1705,1706,CFG
1706,1707,CFG
1707,1708,CFG
1708,1709,CFG
1709,1711,CFG
1710,1722,CFG
1711,1712,CFG
1712,1713,CFG
1713,1714,CFG
1714,1715,CFG
1715,1716,CFG
1716,1717,CFG
1717,1718,CFG
1718,1719,CFG
1719,1720,CFG
1720,1721,CFG
1721,1710,CFG
1722,1723,CFG
1723,1724,CFG
1724,1725,CFG
1725,1726,CFG
1726,1727,CFG
1727,1728,CFG
1728,1729,CFG
1729,1730,CFG
1730,1731,CFG
1731,1732,CFG
1732,1733,CFG
1733,1734,CFG
1734,1735,CFG
1735,1736,CFG
1736,1737,CFG
1737,1738,CFG
1738,1739,CFG
1739,1740,CFG
1740,1743,CFG
1741,1742,CFG
1742,1753,CFG
1743,1744,CFG
1744,1745,CFG
1745,1746,CFG
1746,1747,CFG
1747,1748,CFG
1748,1749,CFG
1749,1750,CFG
1750,1751,CFG
1751,1752,CFG
1752,1741,CFG
1753,1756,CFG
1754,1755,CFG
1755,1772,CFG
1756,1757,CFG
1757,1758,CFG
1758,1759,CFG
1759,1760,CFG
1760,1761,CFG
1761,1762,CFG
1762,1763,CFG
1763,1764,CFG
1764,1765,CFG
1765,1766,CFG
1766,1767,CFG
1767,1768,CFG
1768,1769,CFG
1769,1770,CFG
1770,1771,CFG
1771,1754,CFG
1772,1773,CFG
1773,1775,CFG
1774,1789,CFG
1775,1776,CFG
1776,1777,CFG
1777,1778,CFG
1778,1779,CFG
1779,1780,CFG
1780,1781,CFG
1781,1782,CFG
1782,1783,CFG
1783,1784,CFG
1784,1785,CFG
1785,1786,CFG
1786,1787,CFG
1787,1788,CFG
1788,1774,CFG
1789,1791,CFG
1790,1793,CFG
1791,1792,CFG
1792,1790,CFG
1793,1794,CFG
1794,1795,CFG
1795,1796,CFG
1796,1797,CFG
1797,1798,CFG
1798,1799,CFG
1799,3134,CFG
1799,1344,CFG
1800,1801,CFG
1801,1802,CFG
1802,1803,CFG
1803,1804,CFG
1804,1805,CFG
1805,1806,CFG
1806,1807,CFG
1807,1808,CFG
1808,1809,CFG
1809,1810,CFG
1810,1811,CFG
1811,1812,CFG
1812,1813,CFG
1813,1814,CFG
1814,1815,CFG
1815,1816,CFG
1815,2011,CFG
1816,1817,CFG
1817,1818,CFG
1818,1819,CFG
1819,1820,CFG
1820,1821,CFG
1821,1822,CFG
1822,1823,CFG
1823,1824,CFG
1824,1825,CFG
1825,1826,CFG
1826,1827,CFG
1827,1828,CFG
1828,1829,CFG
1829,1830,CFG
1830,1831,CFG
1831,1832,CFG
1832,1833,CFG
1833,1834,CFG
1834,1835,CFG
1835,1836,CFG
1836,1837,CFG
1837,1838,CFG
1838,1839,CFG
1839,1840,CFG
1840,1841,CFG
1841,1843,CFG
1842,1853,CFG
1843,1844,CFG
1844,1845,CFG
1845,1846,CFG
1846,1847,CFG
1847,1848,CFG
1848,1849,CFG
1849,1850,CFG
1850,1851,CFG
1851,1852,CFG
1852,1842,CFG
1853,1854,CFG
1854,1855,CFG
1855,1856,CFG
1856,1857,CFG
1857,1858,CFG
1858,1859,CFG
1859,1860,CFG
1860,1861,CFG
1861,1862,CFG
1862,1863,CFG
1863,1864,CFG
1864,1865,CFG
1865,1866,CFG
1866,1867,CFG
1867,1868,CFG
1868,1869,CFG
1869,1870,CFG
1870,1871,CFG
1871,1872,CFG
1872,1873,CFG
1873,1874,CFG
1874,1875,CFG
1875,1876,CFG
1876,1877,CFG
1877,1878,CFG
1878,1879,CFG
1879,1881,CFG
1880,1891,CFG
1881,1882,CFG
1882,1883,CFG
1883,1884,CFG
1884,1885,CFG
1885,1886,CFG
1886,1887,CFG
1887,1888,CFG
1888,1889,CFG
1889,1890,CFG
1890,1880,CFG
1891,1894,CFG
1892,1893,CFG
1893,1896,CFG
1894,1895,CFG
1895,1892,CFG
1896,1918,CFG
1897,1898,CFG
1898,1899,CFG
1899,1900,CFG
1900,1901,CFG
1901,1902,CFG
1902,1903,CFG
1903,1904,CFG
1904,1905,CFG
1905,1906,CFG
1906,1907,CFG
1907,1908,CFG
1908,1909,CFG
1909,1910,CFG
1910,1911,CFG
1911,1912,CFG
1912,1913,CFG
1913,1914,CFG
1914,1915,CFG
1915,1916,CFG
1916,1917,CFG
1917,1929,CFG
1918,1919,CFG
1919,1920,CFG
1920,1921,CFG
1921,1922,CFG
1922,1923,CFG
1923,1924,CFG
1924,1925,CFG
1925,1926,CFG
1926,1927,CFG
1927,1928,CFG
1928,1897,CFG
1929,1930,CFG
1930,1931,CFG
1931,1932,CFG
1932,1933,CFG
1933,1934,CFG
1934,1935,CFG
1935,1936,CFG
1936,1937,CFG
1937,1938,CFG
1938,1939,CFG
1939,1940,CFG
1940,1941,CFG
1941,1942,CFG
1942,1943,CFG
1943,1944,CFG
1944,1945,CFG
1945,1946,CFG
1946,1947,CFG
1947,1949,CFG
1948,1960,CFG
1949,1950,CFG
1950,1951,CFG
1951,1952,CFG
1952,1953,CFG
1953,1954,CFG
1954,1955,CFG
1955,1956,CFG
1956,1957,CFG
1957,1958,CFG
1958,1959,CFG
1959,1948,CFG
1960,1961,CFG
1961,1962,CFG
1962,1963,CFG
1963,1964,CFG
1964,1965,CFG
1965,1966,CFG
1966,1967,CFG
1967,1968,CFG
1968,1969,CFG
1969,1970,CFG
1970,1971,CFG
1971,1972,CFG
1972,1973,CFG
1973,1974,CFG
1974,1975,CFG
1975,1976,CFG
1976,1977,CFG
1977,1978,CFG
1978,1981,CFG
1979,1980,CFG
1980,1991,CFG
1981,1982,CFG
1982,1983,CFG
1983,1984,CFG
1984,1985,CFG
1985,1986,CFG
1986,1987,CFG
1987,1988,CFG
1988,1989,CFG
1989,1990,CFG
1990,1979,CFG
1991,1994,CFG
1992,1993,CFG
1993,2010,CFG
1994,1995,CFG
1995,1996,CFG
1996,1997,CFG
1997,1998,CFG
1998,1999,CFG
1999,2000,CFG
2000,2001,CFG
2001,2002,CFG
2002,2003,CFG
2003,2004,CFG
2004,2005,CFG
2005,2006,CFG
2006,2007,CFG
2007,2008,CFG
2008,2009,CFG
2009,1992,CFG
2010,1344,CFG
2011,2012,CFG
2012,2013,CFG
2013,2014,CFG
2014,2015,CFG
2015,2016,CFG
2016,2017,CFG
2017,2018,CFG
2018,2019,CFG
2019,2020,CFG
2020,2021,CFG
2021,2022,CFG
2022,2023,CFG
2023,2024,CFG
2024,2025,CFG
2025,2026,CFG
2026,2027,CFG
2027,2028,CFG
2028,2029,CFG
2029,2030,CFG
2030,2031,CFG
2031,2420,CFG
2031,2032,CFG
2032,2033,CFG
2033,2034,CFG
2034,2035,CFG
2035,2036,CFG
2036,2037,CFG
2037,2038,CFG
2038,2039,CFG
2039,2040,CFG
2040,2041,CFG
2041,2042,CFG
2042,2043,CFG
2043,2044,CFG
2044,2045,CFG
2045,2046,CFG
2046,2047,CFG
2047,2049,CFG
2048,2056,CFG
2049,2050,CFG
2050,2051,CFG
2051,2052,CFG
2052,2053,CFG
2053,2054,CFG
2054,2055,CFG
2055,2048,CFG
2056,2057,CFG
2057,2058,CFG
2058,2059,CFG
2059,2060,CFG
2060,2061,CFG
2061,2062,CFG
2062,3134,CFG
2062,2063,CFG
2063,2064,CFG
2064,2065,CFG
2065,2066,CFG
2066,2067,CFG
2067,2068,CFG
2068,2069,CFG
2069,2070,CFG
2070,2071,CFG
2071,2073,CFG
2072,2075,CFG
2073,2074,CFG
2074,2072,CFG
2075,2076,CFG
2076,2077,CFG
2077,2078,CFG
2078,2079,CFG
2079,2080,CFG
2080,2081,CFG
2081,2082,CFG
2082,2083,CFG
2083,2084,CFG
2084,2086,CFG
2085,2088,CFG
2086,2087,CFG
2087,2085,CFG
2088,2089,CFG
2089,2090,CFG
2090,2091,CFG
2091,2092,CFG
2092,2093,CFG
2093,2094,CFG
2094,3134,CFG
2094,2095,CFG
2095,2096,CFG
2096,2097,CFG
2097,2098,CFG
2098,2099,CFG
2099,2100,CFG
2100,2101,CFG
2101,2102,CFG
2102,2103,CFG
2103,2104,CFG
2104,2105,CFG
2105,2106,CFG
2106,2107,CFG
2107,2108,CFG
2108,2109,CFG
2109,2110,CFG
2110,2111,CFG
2111,2112,CFG
2112,2113,CFG
2113,2114,CFG
2114,2115,CFG
2115,2116,CFG
2116,2117,CFG
2117,2118,CFG
2118,2119,CFG
2119,3134,CFG
2119,2120,CFG
2120,2121,CFG
2121,2122,CFG
2122,2123,CFG
2123,2124,CFG
2124,2125,CFG
2125,2126,CFG
2126,2127,CFG
2127,2128,CFG
2128,2129,CFG
2129,2130,CFG
2130,2131,CFG
2131,2132,CFG
2132,2133,CFG
2133,2134,CFG
2134,2135,CFG
2135,2136,CFG
2136,2137,CFG
2137,2138,CFG
2138,2139,CFG
2139,2140,CFG
2140,2141,CFG
2141,2142,CFG
2142,2143,CFG
2143,2144,CFG
2144,3134,CFG
2144,2145,CFG
2145,2146,CFG
2146,2147,CFG
2147,2148,CFG
2148,2149,CFG
2149,2150,CFG
2150,2151,CFG
2151,2152,CFG
2152,2153,CFG
2153,2154,CFG
2154,2155,CFG
2155,3134,CFG
2155,2160,CFG
2156,2157,CFG
2157,2158,CFG
2158,2159,CFG
2159,2162,CFG
2160,2161,CFG
2161,2156,CFG
2162,2163,CFG
2163,2164,CFG
2164,2165,CFG
2165,2166,CFG
2166,2167,CFG
2167,2168,CFG
2168,2170,CFG
2169,2172,CFG
2170,2171,CFG
2171,2169,CFG
2172,2173,CFG
2173,2174,CFG
2174,2175,CFG
2175,2176,CFG
2176,2177,CFG
2177,2178,CFG
2178,2179,CFG
2179,2180,CFG
2180,2181,CFG
2181,2182,CFG
2182,2183,CFG
2183,2184,CFG
2183,2272,CFG
2184,2185,CFG
2185,2186,CFG
2186,2187,CFG
2187,2188,CFG
2188,2189,CFG
2189,2190,CFG
2190,2191,CFG
2191,2192,CFG
2192,2194,CFG
2193,2196,CFG
2194,2195,CFG
2195,2193,CFG
2196,2197,CFG
2197,2198,CFG
2198,2199,CFG
2199,2200,CFG
2200,2201,CFG
2201,2202,CFG
2202,2203,CFG
2203,2204,CFG
2204,2205,CFG
2205,2206,CFG
2206,2207,CFG
2207,2208,CFG
2208,2209,CFG
2209,2210,CFG
2210,2211,CFG
2211,2212,CFG
2212,2213,CFG
2213,2214,CFG
2214,2215,CFG
2215,2216,CFG
2216,2218,CFG
2217,2220,CFG
2218,2219,CFG
2219,2217,CFG
2220,2221,CFG
2221,2222,CFG
2222,2223,CFG
2223,2224,CFG
2224,2225,CFG
2225,2226,CFG
2226,2228,CFG
2227,2230,CFG
2228,2229,CFG
2229,2227,CFG
2230,2231,CFG
2231,2232,CFG
2232,2233,CFG
2233,2234,CFG
2234,2235,CFG
2235,2236,CFG
2236,2237,CFG
2237,2238,CFG
2238,2239,CFG
2239,2240,CFG
2240,2241,CFG
2241,2242,CFG
2242,3134,CFG
2242,2243,CFG
2243,2244,CFG
2244,2245,CFG
2245,2246,CFG
2246,2247,CFG
2247,2248,CFG
2248,2253,CFG
2249,2250,CFG
2250,2251,CFG
2251,2252,CFG
2252,2255,CFG
2253,2254,CFG
2254,2249,CFG
2255,2256,CFG
2256,2257,CFG
2257,2258,CFG
2258,2259,CFG
2259,2260,CFG
2260,2261,CFG
2261,2262,CFG
2262,2263,CFG
2263,2264,CFG
2264,2265,CFG
2265,2266,CFG
2266,2267,CFG
2267,2269,CFG
2268,2271,CFG
2269,2270,CFG
2270,2268,CFG
2271,2272,CFG
2272,2273,CFG
2273,2274,CFG
2274,2275,CFG
2275,2276,CFG
2276,2277,CFG
2277,2278,CFG
2278,2279,CFG
2279,2280,CFG
2280,2281,CFG
2281,2282,CFG
2282,2283,CFG
2282,2331,CFG
2283,2284,CFG
2284,2285,CFG
2285,2286,CFG
2286,2287,CFG
2287,2288,CFG
2288,2289,CFG
2289,2290,CFG
2290,2291,CFG
2291,2293,CFG
2292,2295,CFG
2293,2294,CFG
2294,2292,CFG
2295,2296,CFG
2296,2297,CFG
2297,2298,CFG
2298,2299,CFG
2299,2300,CFG
2300,2302,CFG
2301,2304,CFG
2302,2303,CFG
2303,2301,CFG
2304,2305,CFG
2304,2330,CFG
2305,2306,CFG
2306,2307,CFG
2307,2308,CFG
2308,2312,CFG
2309,2310,CFG
2310,2311,CFG
2311,2314,CFG
2312,2313,CFG
2313,2309,CFG
2314,2315,CFG
2315,2316,CFG
2316,2317,CFG
2317,2318,CFG
2318,2319,CFG
2319,2320,CFG
2320,2321,CFG
2321,2322,CFG
2322,2323,CFG
2323,2324,CFG
2324,2325,CFG
2325,2327,CFG
2326,2329,CFG
2327,2328,CFG
2328,2326,CFG
2329,2330,CFG
2330,2283,CFG
2330,2331,CFG
2331,2332,CFG
2332,2333,CFG
2333,2334,CFG
2334,2335,CFG
2335,2336,CFG
2336,2337,CFG
2337,2338,CFG
2338,2339,CFG
2339,2340,CFG
2340,2341,CFG
2341,2342,CFG
2341,2390,CFG
2342,2343,CFG
2343,2344,CFG
2344,2345,CFG
2345,2346,CFG
2346,2347,CFG
2347,2348,CFG
2348,2349,CFG
2349,2350,CFG
2350,2352,CFG
2351,2354,CFG
2352,2353,CFG
2353,2351,CFG
2354,2355,CFG
2355,2356,CFG
2356,2357,CFG
2357,2358,CFG
2358,2359,CFG
2359,2361,CFG
2360,2363,CFG
2361,2362,CFG
2362,2360,CFG
2363,2364,CFG
2363,2389,CFG
2364,2365,CFG
2365,2366,CFG
2366,2367,CFG
2367,2371,CFG
2368,2369,CFG
2369,2370,CFG
2370,2373,CFG
2371,2372,CFG
2372,2368,CFG
2373,2374,CFG
2374,2375,CFG
2375,2376,CFG
2376,2377,CFG
2377,2378,CFG
2378,2379,CFG
2379,2380,CFG
2380,2381,CFG
2381,2382,CFG
2382,2383,CFG
2383,2384,CFG
2384,2386,CFG
2385,2388,CFG
2386,2387,CFG
2387,2385,CFG
2388,2389,CFG
2389,2342,CFG
2389,2390,CFG
2390,2391,CFG
2391,2392,CFG
2392,2393,CFG
2393,2394,CFG
2394,2395,CFG
2395,2396,CFG
2396,2397,CFG
2397,2398,CFG
2398,2399,CFG
2399,2400,CFG
2400,2401,CFG
2400,2420,CFG
2401,2402,CFG
2402,2403,CFG
2403,2404,CFG
2404,2405,CFG
2405,2406,CFG
2406,2408,CFG
2407,2410,CFG
2408,2409,CFG
2409,2407,CFG
2410,2415,CFG
2411,2412,CFG
2412,2413,CFG
2413,2414,CFG
2414,2417,CFG
2415,2416,CFG
2416,2411,CFG
2417,2420,CFG
2418,2419,CFG
2419,2431,CFG
2420,2421,CFG
2421,2422,CFG
2422,2423,CFG
2423,2424,CFG
2424,2425,CFG
2425,2426,CFG
2426,2427,CFG
2427,2428,CFG
2428,2429,CFG
2429,2430,CFG
2430,2418,CFG
2431,2432,CFG
2432,2433,CFG
2433,2434,CFG
2434,2435,CFG
2435,2436,CFG
2436,2437,CFG
2437,2439,CFG
2438,2450,CFG
2439,2440,CFG
2440,2441,CFG
2441,2442,CFG
2442,2443,CFG
2443,2444,CFG
2444,2445,CFG
2445,2446,CFG
2446,2447,CFG
2447,2448,CFG
2448,2449,CFG
2449,2438,CFG
2450,2451,CFG
2451,2452,CFG
2452,2453,CFG
2453,2454,CFG
2454,2455,CFG
2455,2456,CFG
2456,2457,CFG
2457,2458,CFG
2458,2459,CFG
2459,2460,CFG
2460,2461,CFG
2461,2462,CFG
2461,2616,CFG
2462,2463,CFG
2463,2464,CFG
2464,2465,CFG
2465,2466,CFG
2466,2467,CFG
2467,2468,CFG
2468,2469,CFG
2469,2470,CFG
2470,2471,CFG
2471,2472,CFG
2472,2473,CFG
2472,2588,CFG
2473,2474,CFG
2474,2475,CFG
2475,2476,CFG
2476,2477,CFG
2477,2478,CFG
2478,2479,CFG
2479,2480,CFG
2480,2481,CFG
2481,2482,CFG
2482,2483,CFG
2483,2485,CFG
2484,2487,CFG
2485,2486,CFG
2486,2484,CFG
2487,2488,CFG
2488,2489,CFG
2489,2490,CFG
2490,2491,CFG
2491,2492,CFG
2492,2493,CFG
2493,2494,CFG
2494,2495,CFG
2495,2496,CFG
2496,2497,CFG
2497,2498,CFG
2498,2499,CFG
2499,2500,CFG
2500,2501,CFG
2501,2502,CFG
2502,2503,CFG
2503,2504,CFG
2504,2505,CFG
2505,2506,CFG
2506,2507,CFG
2507,2508,CFG
2508,2509,CFG
2508,2528,CFG
2509,2510,CFG
2510,2511,CFG
2511,2512,CFG
2512,2513,CFG
2513,2514,CFG
2514,2515,CFG
2515,2516,CFG
2516,2517,CFG
2517,2518,CFG
2518,2519,CFG
2519,2520,CFG
2520,2521,CFG
2521,2522,CFG
2522,2523,CFG
2523,2525,CFG
2524,2527,CFG
2525,2526,CFG
2526,2524,CFG
2527,2528,CFG
2528,2529,CFG
2529,2530,CFG
2530,2531,CFG
2531,2532,CFG
2532,2533,CFG
2533,2534,CFG
2534,2535,CFG
2535,2536,CFG
2536,2537,CFG
2537,2538,CFG
2538,2539,CFG
2539,2540,CFG
2540,2541,CFG
2541,2542,CFG
2542,2543,CFG
2543,2544,CFG
2544,2545,CFG
2545,2546,CFG
2546,2547,CFG
2547,2548,CFG
2548,2549,CFG
2549,2550,CFG
2550,2551,CFG
2551,2552,CFG
2552,2553,CFG
2553,2555,CFG
2554,2566,CFG
2555,2556,CFG
2556,2557,CFG
2557,2558,CFG
2558,2559,CFG
2559,2560,CFG
2560,2561,CFG
2561,2562,CFG
2562,2563,CFG
2563,2564,CFG
2564,2565,CFG
2565,2554,CFG
2566,2567,CFG
2567,2568,CFG
2568,2569,CFG
2569,2570,CFG
2570,2571,CFG
2571,2572,CFG
2572,2573,CFG
2573,2574,CFG
2574,2575,CFG
2575,2576,CFG
2576,2577,CFG
2577,2578,CFG
2578,2580,CFG
2579,2587,CFG
2580,2581,CFG
2581,2582,CFG
2582,2583,CFG
2583,2584,CFG
2584,2585,CFG
2585,2586,CFG
2586,2579,CFG
2587,2588,CFG
2588,2589,CFG
2589,2590,CFG
2590,2591,CFG
2591,2592,CFG
2592,2593,CFG
2593,2594,CFG
2594,2595,CFG
2595,2596,CFG
2596,2597,CFG
2597,2598,CFG
2598,2599,CFG
2599,2600,CFG
2600,2601,CFG
2601,2602,CFG
2602,2604,CFG
2602,2616,CFG
2603,2615,CFG
2604,2605,CFG
2605,2606,CFG
2606,2607,CFG
2607,2608,CFG
2608,2609,CFG
2609,2610,CFG
2610,2611,CFG
2611,2612,CFG
2612,2613,CFG
2613,2614,CFG
2614,2603,CFG
2615,2616,CFG
2616,2617,CFG
2617,2618,CFG
2618,2619,CFG
2619,2620,CFG
2620,2621,CFG
2621,2622,CFG
2622,2623,CFG
2623,2624,CFG
2624,2625,CFG
2625,2626,CFG
2626,2627,CFG
2627,2628,CFG
2628,2629,CFG
2629,2630,CFG
2630,2631,CFG
2630,3049,CFG
2631,2632,CFG
2632,2633,CFG
2633,2634,CFG
2634,2635,CFG
2635,2636,CFG
2636,2637,CFG
2637,2638,CFG
2638,2639,CFG
2639,2640,CFG
2640,2641,CFG
2641,2642,CFG
2642,2643,CFG
2643,2644,CFG
2644,2645,CFG
2645,2653,CFG
2645,2927,CFG
2646,2647,CFG
2647,2648,CFG
2648,2649,CFG
2649,2650,CFG
2650,2651,CFG
2651,2652,CFG
2652,2664,CFG
2653,2654,CFG
2654,2655,CFG
2655,2656,CFG
2656,2657,CFG
2657,2658,CFG
2658,2659,CFG
2659,2660,CFG
2660,2661,CFG
2661,2662,CFG
2662,2663,CFG
2663,2646,CFG
2664,2665,CFG
2665,2666,CFG
2666,2667,CFG
2667,2668,CFG
2668,2669,CFG
2669,2670,CFG
2670,2671,CFG
2671,2672,CFG
2672,2673,CFG
2673,2674,CFG
2674,2675,CFG
2675,2676,CFG
2676,2677,CFG
2677,2678,CFG
2678,2679,CFG
2679,2680,CFG
2680,2681,CFG
2681,2682,CFG
2682,2683,CFG
2683,2684,CFG
2684,2685,CFG
2685,2686,CFG
2686,2687,CFG
2687,2688,CFG
2688,2689,CFG
2689,2690,CFG
2690,2692,CFG
2691,2694,CFG
2692,2693,CFG
2693,2691,CFG
2694,2695,CFG
2695,2696,CFG
2696,2697,CFG
2697,2698,CFG
2698,2699,CFG
2699,2700,CFG
2700,2701,CFG
2701,2703,CFG
2702,2718,CFG
2703,2704,CFG
2704,2705,CFG
2705,2706,CFG
2706,2707,CFG
2707,2708,CFG
2708,2709,CFG
2709,2710,CFG
2710,2711,CFG
2711,2712,CFG
2712,2713,CFG
2713,2714,CFG
2714,2715,CFG
2715,2716,CFG
2716,2717,CFG
2717,2702,CFG
2718,2720,CFG
2719,2727,CFG
2720,2721,CFG
2721,2722,CFG
2722,2723,CFG
2723,2724,CFG
2724,2725,CFG
2725,2726,CFG
2726,2719,CFG
2727,2728,CFG
2728,2730,CFG
2729,2752,CFG
2730,2731,CFG
2731,2732,CFG
2732,2733,CFG
2733,2734,CFG
2734,2735,CFG
2735,2736,CFG
2736,2737,CFG
2737,2738,CFG
2738,2739,CFG
2739,2740,CFG
2740,2741,CFG
2741,2742,CFG
2742,2743,CFG
2743,2744,CFG
2744,2745,CFG
2745,2746,CFG
2746,2747,CFG
2747,2748,CFG
2748,2749,CFG
2749,2750,CFG
2750,2751,CFG
2751,2729,CFG
2752,2754,CFG
2753,2756,CFG
2754,2755,CFG
2755,2753,CFG
2756,2759,CFG
2757,2758,CFG
2758,2761,CFG
2759,2760,CFG
2760,2757,CFG
2761,2783,CFG
2762,2763,CFG
2763,2764,CFG
2764,2765,CFG
2765,2766,CFG
2766,2767,CFG
2767,2768,CFG
2768,2769,CFG
2769,2770,CFG
2770,2771,CFG
2771,2772,CFG
2772,2773,CFG
2773,2774,CFG
2774,2775,CFG
2775,2776,CFG
2776,2777,CFG
2777,2778,CFG
2778,2779,CFG
2779,2780,CFG
2780,2781,CFG
2781,2782,CFG
2782,2794,CFG
2783,2784,CFG
2784,2785,CFG
2785,2786,CFG
2786,2787,CFG
2787,2788,CFG
2788,2789,CFG
2789,2790,CFG
2790,2791,CFG
2791,2792,CFG
2792,2793,CFG
2793,2762,CFG
2794,2795,CFG
2795,2796,CFG
2796,2797,CFG
2797,2798,CFG
2798,2799,CFG
2799,2800,CFG
2800,2801,CFG
2801,2802,CFG
2802,2803,CFG
2803,2804,CFG
2804,2805,CFG
2805,2806,CFG
2806,2807,CFG
2807,2808,CFG
2808,2809,CFG
2809,2810,CFG
2810,2811,CFG
2811,2812,CFG
2812,2814,CFG
2813,2825,CFG
2814,2815,CFG
2815,2816,CFG
2816,2817,CFG
2817,2818,CFG
2818,2819,CFG
2819,2820,CFG
2820,2821,CFG
2821,2822,CFG
2822,2823,CFG
2823,2824,CFG
2824,2813,CFG
2825,2826,CFG
2826,2827,CFG
2827,2828,CFG
2828,2829,CFG
2829,2830,CFG
2830,2831,CFG
2831,2832,CFG
2832,2833,CFG
2833,2834,CFG
2834,2835,CFG
2835,2836,CFG
2836,2837,CFG
2837,2838,CFG
2838,2839,CFG
2839,2840,CFG
2840,2841,CFG
2841,2842,CFG
2842,2843,CFG
2843,2846,CFG
2844,2845,CFG
2845,2856,CFG
2846,2847,CFG
2847,2848,CFG
2848,2849,CFG
2849,2850,CFG
2850,2851,CFG
2851,2852,CFG
2852,2853,CFG
2853,2854,CFG
2854,2855,CFG
2855,2844,CFG
2856,2859,CFG
2857,2858,CFG
2858,2875,CFG
2859,2860,CFG
2860,2861,CFG
2861,2862,CFG
2862,2863,CFG
2863,2864,CFG
2864,2865,CFG
2865,2866,CFG
2866,2867,CFG
2867,2868,CFG
2868,2869,CFG
2869,2870,CFG
2870,2871,CFG
2871,2872,CFG
2872,2873,CFG
2873,2874,CFG
2874,2857,CFG
2875,2876,CFG
2876,2877,CFG
2877,2878,CFG
2878,2879,CFG
2879,2880,CFG
2880,2881,CFG
2881,2882,CFG
2882,2883,CFG
2883,2884,CFG
2884,2885,CFG
2885,2886,CFG
2886,2888,CFG
2887,2899,CFG
2888,2889,CFG
2889,2890,CFG
2890,2891,CFG
2891,2892,CFG
2892,2893,CFG
2893,2894,CFG
2894,2895,CFG
2895,2896,CFG
2896,2897,CFG
2897,2898,CFG
2898,2887,CFG
2899,2900,CFG
2900,2902,CFG
2901,2916,CFG
2902,2903,CFG
2903,2904,CFG
2904,2905,CFG
2905,2906,CFG
2906,2907,CFG
2907,2908,CFG
2908,2909,CFG
2909,2910,CFG
2910,2911,CFG
2911,2912,CFG
2912,2913,CFG
2913,2914,CFG
2914,2915,CFG
2915,2901,CFG
2916,2918,CFG
2917,2920,CFG
2918,2919,CFG
2919,2917,CFG
2920,2921,CFG
2921,2922,CFG
2922,2923,CFG
2923,2924,CFG
2924,2925,CFG
2925,2926,CFG
2926,3134,CFG
2926,2927,CFG
2927,2929,CFG
2928,2936,CFG
2929,2930,CFG
2930,2931,CFG
2931,2932,CFG
2932,2933,CFG
2933,2934,CFG
2934,2935,CFG
2935,2928,CFG
2936,2938,CFG
2937,2940,CFG
2938,2939,CFG
2939,2937,CFG
2940,2941,CFG
2941,2942,CFG
2942,2943,CFG
2943,2944,CFG
2944,2945,CFG
2945,2946,CFG
2946,2947,CFG
2946,3041,CFG
2947,2949,CFG
2948,2962,CFG
2949,2950,CFG
2950,2951,CFG
2951,2952,CFG
2952,2953,CFG
2953,2954,CFG
2954,2955,CFG
2955,2956,CFG
2956,2957,CFG
2957,2958,CFG
2958,2959,CFG
2959,2960,CFG
2960,2961,CFG
2961,2948,CFG
2962,2963,CFG
2963,2965,CFG
2964,2968,CFG
2965,2966,CFG
2966,2967,CFG
2967,2964,CFG
2968,2970,CFG
2969,2977,CFG
2970,2971,CFG
2971,2972,CFG
2972,2973,CFG
2973,2974,CFG
2974,2975,CFG
2975,2976,CFG
2976,2969,CFG
2977,2978,CFG
2978,2979,CFG
2979,2980,CFG
2980,2981,CFG
2981,2982,CFG
2982,2983,CFG
2983,2984,CFG
2984,2985,CFG
2985,2986,CFG
2986,2987,CFG
2987,2988,CFG
2988,2989,CFG
2989,2990,CFG
2990,2991,CFG
2991,2992,CFG
2992,2994,CFG
2992,3002,CFG
2993,3001,CFG
2994,2995,CFG
2995,2996,CFG
2996,2997,CFG
2997,2998,CFG
2998,2999,CFG
2999,3000,CFG
3000,2993,CFG
3001,3049,CFG
3002,3003,CFG
3003,3004,CFG
3004,3005,CFG
3005,3006,CFG
3006,3007,CFG
3007,3008,CFG
3008,3009,CFG
3009,3010,CFG
3010,3011,CFG
3011,3012,CFG
3012,3013,CFG
3013,3014,CFG
3014,3015,CFG
3015,3016,CFG
3016,3017,CFG
3016,3049,CFG
3017,3018,CFG
3018,3019,CFG
3019,3020,CFG
3020,3021,CFG
3021,3022,CFG
3022,3023,CFG
3023,3024,CFG
3024,3025,CFG
3025,3026,CFG
3026,3027,CFG
3027,3028,CFG
3028,3029,CFG
3029,3030,CFG
3030,3031,CFG
3031,3033,CFG
3032,3040,CFG
3033,3034,CFG
3034,3035,CFG
3035,3036,CFG
3036,3037,CFG
3037,3038,CFG
3038,3039,CFG
3039,3032,CFG
3040,3049,CFG
3041,3042,CFG
3042,3043,CFG
3043,3044,CFG
3044,3045,CFG
3045,3046,CFG
3046,3134,CFG
3046,2616,CFG
3047,3048,CFG
3048,3051,CFG
3049,3050,CFG
3050,3047,CFG
3051,3052,CFG
3052,3053,CFG
3053,3054,CFG
3054,3055,CFG
3055,3056,CFG
3056,3057,CFG
3057,3058,CFG
3058,3059,CFG
3059,3060,CFG
3060,3061,CFG
3061,3062,CFG
3062,3063,CFG
3063,3064,CFG
3064,3065,CFG
3065,3066,CFG
3066,3067,CFG
3067,3068,CFG
3068,3069,CFG
3069,3070,CFG
3070,3071,CFG
3071,3072,CFG
3072,3073,CFG
3073,3074,CFG
3074,3075,CFG
3075,3076,CFG
3076,3077,CFG
3077,3079,CFG
3078,3089,CFG
3079,3080,CFG
3080,3081,CFG
3081,3082,CFG
3082,3083,CFG
3083,3084,CFG
3084,3085,CFG
3085,3086,CFG
3086,3087,CFG
3087,3088,CFG
3088,3078,CFG
3089,3090,CFG
3090,3091,CFG
3091,3092,CFG
3092,3093,CFG
3093,3094,CFG
3094,3095,CFG
3095,3096,CFG
3096,3097,CFG
3097,3098,CFG
3098,3099,CFG
3099,3100,CFG
3100,3101,CFG
3101,3102,CFG
3102,3103,CFG
3103,3104,CFG
3104,3105,CFG
3105,3106,CFG
3106,3107,CFG
3107,3108,CFG
3108,3109,CFG
3109,3110,CFG
3110,3111,CFG
3111,3112,CFG
3112,3113,CFG
3113,3114,CFG
3114,3115,CFG
3115,3117,CFG
3116,3127,CFG
3117,3118,CFG
3118,3119,CFG
3119,3120,CFG
3120,3121,CFG
3121,3122,CFG
3122,3123,CFG
3123,3124,CFG
3124,3125,CFG
3125,3126,CFG
3126,3116,CFG
3127,3130,CFG
3128,3129,CFG
3129,3132,CFG
3130,3131,CFG
3131,3128,CFG
3132,1344,CFG
3133,784,CFG
3134,3133,CFG
3144,3200,CFG
3199,3202,CFG
3200,3201,CFG
3201,3199,CFG
3202,3204,CFG
3203,3206,CFG
3204,3205,CFG
3205,3203,CFG
3206,3208,CFG
3207,3210,CFG
3208,3209,CFG
3209,3207,CFG
3210,3212,CFG
3211,3214,CFG
3212,3213,CFG
3213,3211,CFG
3214,3217,CFG
3215,3216,CFG
3216,3219,CFG
3217,3218,CFG
3218,3215,CFG
3219,3220,CFG
3220,3222,CFG
3221,3225,CFG
3222,3223,CFG
3223,3224,CFG
3224,3221,CFG
3225,3227,CFG
3226,3229,CFG
3227,3228,CFG
3228,3226,CFG
3229,3230,CFG
3230,3231,CFG
3231,3232,CFG
3232,3233,CFG
3233,3234,CFG
3234,3235,CFG
3235,3277,CFG
3235,3236,CFG
3236,3237,CFG
3237,3238,CFG
3238,3239,CFG
3239,3240,CFG
3240,3241,CFG
3241,3242,CFG
3241,3277,CFG
3242,3244,CFG
3243,3247,CFG
3244,3245,CFG
3245,3246,CFG
3246,3243,CFG
3247,3249,CFG
3248,3251,CFG
3249,3250,CFG
3250,3248,CFG
3251,3254,CFG
3252,3253,CFG
3253,3256,CFG
3254,3255,CFG
3255,3252,CFG
3256,3257,CFG
3257,3258,CFG
3258,3259,CFG
3259,3260,CFG
3260,3261,CFG
3261,3262,CFG
3262,3277,CFG
3262,3270,CFG
3263,3264,CFG
3264,3265,CFG
3265,3266,CFG
3266,3267,CFG
3267,3268,CFG
3268,3269,CFG
3269,3272,CFG
3270,3271,CFG
3271,3263,CFG
3272,3274,CFG
3273,3276,CFG
3274,3275,CFG
3275,3273,CFG
3276,3277,CFG
3277,3278,CFG
3278,3279,CFG
3279,3280,CFG
3280,3281,CFG
3281,3282,CFG
3282,3283,CFG
3282,3540,CFG
3283,3284,CFG
3284,3285,CFG
3285,3286,CFG
3286,3287,CFG
3287,3288,CFG
3288,3289,CFG
3289,3290,CFG
3290,3291,CFG
3291,3292,CFG
3292,3293,CFG
3293,3294,CFG
3294,3295,CFG
3294,3540,CFG
3295,3297,CFG
3296,3300,CFG
3297,3298,CFG
3298,3299,CFG
3299,3296,CFG
3300,3301,CFG
3301,3302,CFG
3302,3303,CFG
3303,3304,CFG
3304,3305,CFG
3305,3306,CFG
3305,3318,CFG
3306,3308,CFG
3307,3311,CFG
3308,3309,CFG
3309,3310,CFG
3310,3307,CFG
3311,3312,CFG
3312,3313,CFG
3313,3314,CFG
3314,3315,CFG
3315,3316,CFG
3316,3336,CFG
3316,3318,CFG
3317,3320,CFG
3318,3319,CFG
3319,3317,CFG
3320,3321,CFG
3321,3322,CFG
3322,3323,CFG
3323,3324,CFG
3324,3325,CFG
3325,3326,CFG
3326,3540,CFG
3326,3328,CFG
3327,3335,CFG
3328,3329,CFG
3329,3330,CFG
3330,3331,CFG
3331,3332,CFG
3332,3333,CFG
3333,3334,CFG
3334,3327,CFG
3335,3540,CFG
3336,3338,CFG
3337,3341,CFG
3338,3339,CFG
3339,3340,CFG
3340,3337,CFG
3341,3342,CFG
3342,3343,CFG
3343,3344,CFG
3344,3345,CFG
3345,3346,CFG
3346,3347,CFG
3346,3540,CFG
3347,3349,CFG
3348,3358,CFG
3349,3350,CFG
3350,3351,CFG
3351,3352,CFG
3352,3353,CFG
3353,3354,CFG
3354,3355,CFG
3355,3356,CFG
3356,3357,CFG
3357,3348,CFG
3358,3360,CFG
3359,3362,CFG
3360,3361,CFG
3361,3359,CFG
3362,3363,CFG
3363,3365,CFG
3364,3368,CFG
3365,3366,CFG
3366,3367,CFG
3367,3364,CFG
3368,3370,CFG
3369,3372,CFG
3370,3371,CFG
3371,3369,CFG
3372,3373,CFG
3373,3374,CFG
3374,3375,CFG
3375,3376,CFG
3376,3377,CFG
3377,3378,CFG
3378,3424,CFG
3378,3379,CFG
3379,3381,CFG
3380,3384,CFG
3381,3382,CFG
3382,3383,CFG
3383,3380,CFG
3384,3385,CFG
3385,3386,CFG
3386,3387,CFG
3387,3388,CFG
3388,3389,CFG
3389,3390,CFG
3389,3402,CFG
3390,3392,CFG
3391,3395,CFG
3392,3393,CFG
3393,3394,CFG
3394,3391,CFG
3395,3396,CFG
3396,3397,CFG
3397,3398,CFG
3398,3399,CFG
3399,3400,CFG
3400,3540,CFG
3400,3402,CFG
3401,3404,CFG
3402,3403,CFG
3403,3401,CFG
3404,3405,CFG
3405,3406,CFG
3406,3407,CFG
3407,3408,CFG
3408,3409,CFG
3409,3410,CFG
3410,3540,CFG
3410,3412,CFG
3411,3419,CFG
3412,3413,CFG
3413,3414,CFG
3414,3415,CFG
3415,3416,CFG
3416,3417,CFG
3417,3418,CFG
3418,3411,CFG
3419,3540,CFG
3420,3421,CFG
3421,3422,CFG
3422,3423,CFG
3423,3426,CFG
3424,3425,CFG
3425,3420,CFG
3426,3427,CFG
3427,3428,CFG
3428,3429,CFG
3429,3430,CFG
3430,3431,CFG
3431,3432,CFG
3432,3433,CFG
3433,3434,CFG
3434,3435,CFG
3435,3436,CFG
3436,3437,CFG
3437,3438,CFG
3438,3439,CFG
3439,3440,CFG
3440,3441,CFG
3441,3442,CFG
3442,3443,CFG
3443,3444,CFG
3444,3445,CFG
3445,3446,CFG
3446,3447,CFG
3447,3448,CFG
3448,3449,CFG
3449,3450,CFG
3450,3451,CFG
3451,3452,CFG
3452,3453,CFG
3453,3454,CFG
3454,3455,CFG
3455,3456,CFG
3456,3457,CFG
3457,3458,CFG
3458,3459,CFG
3459,3460,CFG
3460,3465,CFG
3460,3468,CFG
3461,3462,CFG
3462,3463,CFG
3463,3464,CFG
3464,3467,CFG
3465,3466,CFG
3466,3461,CFG
3467,3427,CFG
3468,3470,CFG
3469,3473,CFG
3470,3471,CFG
3471,3472,CFG
3472,3469,CFG
3473,3474,CFG
3474,3475,CFG
3475,3476,CFG
3476,3477,CFG
3477,3478,CFG
3478,3479,CFG
3478,3491,CFG
3479,3481,CFG
3480,3484,CFG
3481,3482,CFG
3482,3483,CFG
3483,3480,CFG
3484,3485,CFG
3485,3486,CFG
3486,3487,CFG
3487,3488,CFG
3488,3489,CFG
3489,3515,CFG
3489,3491,CFG
3490,3494,CFG
3491,3492,CFG
3492,3493,CFG
3493,3490,CFG
3494,3495,CFG
3495,3496,CFG
3496,3497,CFG
3497,3498,CFG
3498,3499,CFG
3499,3500,CFG
3500,3512,CFG
3500,3503,CFG
3501,3502,CFG
3502,3510,CFG
3503,3504,CFG
3504,3505,CFG
3505,3506,CFG
3506,3507,CFG
3507,3508,CFG
3508,3509,CFG
3509,3501,CFG
3510,3512,CFG
3511,3514,CFG
3512,3513,CFG
3513,3511,CFG
3514,3540,CFG
3515,3516,CFG
3516,3517,CFG
3517,3518,CFG
3518,3519,CFG
3519,3520,CFG
3520,3521,CFG
3521,3522,CFG
3522,3523,CFG
3523,3524,CFG
3523,3536,CFG
3524,3526,CFG
3525,3529,CFG
3526,3527,CFG
3527,3528,CFG
3528,3525,CFG
3529,3530,CFG
3530,3531,CFG
3531,3532,CFG
3532,3533,CFG
3533,3534,CFG
3534,3540,CFG
3534,3536,CFG
3535,3539,CFG
3536,3537,CFG
3537,3538,CFG
3538,3535,CFG
3539,3363,CFG
3540,3541,CFG
3541,3542,CFG
3542,3543,CFG
3543,3544,CFG
3544,3545,CFG
3545,3546,CFG
3545,3573,CFG
3546,3547,CFG
3547,3548,CFG
3548,3549,CFG
3549,3550,CFG
3550,3551,CFG
3551,3552,CFG
3552,3553,CFG
3553,3554,CFG
3554,3555,CFG
3555,3556,CFG
3556,3557,CFG
3556,3573,CFG
3557,3559,CFG
3558,3562,CFG
3559,3560,CFG
3560,3561,CFG
3561,3558,CFG
3562,3564,CFG
3563,3571,CFG
3564,3565,CFG
3565,3566,CFG
3566,3567,CFG
3567,3568,CFG
3568,3569,CFG
3569,3570,CFG
3570,3563,CFG
3571,3573,CFG
3572,3145,CFG
3573,3574,CFG
3574,3572,CFG
3620,3636,CFG
3635,3638,CFG
3636,3637,CFG
3637,3635,CFG
3638,3639,CFG
3639,3640,CFG
3640,3641,CFG
3641,3642,CFG
3642,3643,CFG
3643,3644,CFG
3644,3645,CFG
3645,3646,CFG
3646,3647,CFG
3647,3648,CFG
3648,3649,CFG
3649,3650,CFG
3650,3651,CFG
3651,3652,CFG
3652,3653,CFG
3653,3654,CFG
3654,3655,CFG
3655,3656,CFG
3656,3657,CFG
3657,3658,CFG
3658,3659,CFG
3659,3660,CFG
3660,3661,CFG
3661,3662,CFG
3662,3663,CFG
3663,3664,CFG
3664,3665,CFG
3665,3666,CFG
3666,3667,CFG
3667,3668,CFG
3668,3669,CFG
3669,3670,CFG
3670,3671,CFG
3671,3672,CFG
3672,3673,CFG
3673,3674,CFG
3674,3675,CFG
3675,3676,CFG
3676,3677,CFG
3677,3678,CFG
3678,3679,CFG
3679,3680,CFG
3680,3681,CFG
3681,3682,CFG
3682,3683,CFG
3683,3684,CFG
3684,3685,CFG
3685,3686,CFG
3686,3687,CFG
3687,3688,CFG
3688,3689,CFG
3689,3690,CFG
3690,3691,CFG
3691,3692,CFG
3692,3693,CFG
3693,3694,CFG
3694,3695,CFG
3695,3696,CFG
3696,3697,CFG
3697,3698,CFG
3698,3699,CFG
3699,3700,CFG
3700,3701,CFG
3701,3702,CFG
3702,3703,CFG
3703,3704,CFG
3704,3706,CFG
3705,3621,CFG
3706,3705,CFG
3735,3765,CFG
3764,3767,CFG
3765,3766,CFG
3766,3764,CFG
3767,3769,CFG
3768,3771,CFG
3769,3770,CFG
3770,3768,CFG
3771,3772,CFG
3772,3774,CFG
3773,3782,CFG
3774,3775,CFG
3775,3776,CFG
3776,3777,CFG
3777,3778,CFG
3778,3779,CFG
3779,3780,CFG
3780,3781,CFG
3781,3773,CFG
3782,3784,CFG
3783,3786,CFG
3784,3785,CFG
3785,3783,CFG
3786,3787,CFG
3787,3788,CFG
3788,3789,CFG
3789,3790,CFG
3790,3791,CFG
3791,3792,CFG
3792,3793,CFG
3792,3985,CFG
3793,3795,CFG
3794,3797,CFG
3795,3796,CFG
3796,3794,CFG
3797,3799,CFG
3798,3801,CFG
3799,3800,CFG
3800,3798,CFG
3801,3802,CFG
3802,3803,CFG
3803,3804,CFG
3804,3805,CFG
3805,3806,CFG
3806,3807,CFG
3806,3985,CFG
3807,3808,CFG
3808,3809,CFG
3809,3810,CFG
3810,3811,CFG
3811,3812,CFG
3812,3813,CFG
3813,3814,CFG
3814,3815,CFG
3815,3816,CFG
3816,3817,CFG
3817,3818,CFG
3818,3819,CFG
3819,3820,CFG
3820,3821,CFG
3821,3822,CFG
3822,3823,CFG
3823,3824,CFG
3824,3825,CFG
3825,3826,CFG
3826,3827,CFG
3826,3985,CFG
3827,3829,CFG
3828,3831,CFG
3829,3830,CFG
3830,3828,CFG
3831,3833,CFG
3832,3835,CFG
3833,3834,CFG
3834,3832,CFG
3835,3836,CFG
3836,3837,CFG
3837,3838,CFG
3838,3839,CFG
3839,3840,CFG
3840,3841,CFG
3841,3842,CFG
3842,3843,CFG
3843,3844,CFG
3844,3845,CFG
3845,3846,CFG
3846,3847,CFG
3847,3848,CFG
3848,3850,CFG
3849,3858,CFG
3850,3851,CFG
3851,3852,CFG
3852,3853,CFG
3853,3854,CFG
3854,3855,CFG
3855,3856,CFG
3856,3857,CFG
3857,3849,CFG
3858,3860,CFG
3859,3862,CFG
3860,3861,CFG
3861,3859,CFG
3862,3865,CFG
3863,3864,CFG
3864,3867,CFG
3865,3866,CFG
3866,3863,CFG
3867,3875,CFG
3868,3869,CFG
3869,3870,CFG
3870,3871,CFG
3871,3872,CFG
3872,3873,CFG
3873,3874,CFG
3874,3877,CFG
3875,3876,CFG
3876,3868,CFG
3877,3880,CFG
3878,3879,CFG
3879,3882,CFG
3880,3881,CFG
3881,3878,CFG
3882,3883,CFG
3883,3884,CFG
3884,3885,CFG
3885,3886,CFG
3886,3887,CFG
3887,3888,CFG
3888,3889,CFG
3889,3893,CFG
3889,3911,CFG
3890,3891,CFG
3891,3892,CFG
3892,3896,CFG
3893,3894,CFG
3894,3895,CFG
3895,3890,CFG
3896,3901,CFG
3897,3898,CFG
3898,3899,CFG
3899,3900,CFG
3900,3903,CFG
3901,3902,CFG
3902,3897,CFG
3903,3908,CFG
3904,3905,CFG
3905,3906,CFG
3906,3907,CFG
3907,3910,CFG
3908,3909,CFG
3909,3904,CFG
3910,3883,CFG
3911,3912,CFG
3912,3913,CFG
3913,3914,CFG
3914,3918,CFG
3915,3916,CFG
3916,3917,CFG
3917,3920,CFG
3918,3919,CFG
3919,3915,CFG
3920,3922,CFG
3921,3924,CFG
3922,3923,CFG
3923,3921,CFG
3924,3927,CFG
3925,3926,CFG
3926,3929,CFG
3927,3928,CFG
3928,3925,CFG
3929,3935,CFG
3930,3931,CFG
3931,3932,CFG
3932,3933,CFG
3933,3934,CFG
3934,3937,CFG
3935,3936,CFG
3936,3930,CFG
3937,3938,CFG
3938,3939,CFG
3939,3940,CFG
3940,3941,CFG
3941,3942,CFG
3942,3943,CFG
3943,3944,CFG
3944,3948,CFG
3944,3966,CFG
3945,3946,CFG
3946,3947,CFG
3947,3951,CFG
3948,3949,CFG
3949,3950,CFG
3950,3945,CFG
3951,3956,CFG
3952,3953,CFG
3953,3954,CFG
3954,3955,CFG
3955,3958,CFG
3956,3957,CFG
3957,3952,CFG
3958,3963,CFG
3959,3960,CFG
3960,3961,CFG
3961,3962,CFG
3962,3965,CFG
3963,3964,CFG
3964,3959,CFG
3965,3938,CFG
3966,3967,CFG
3967,3968,CFG
3968,3969,CFG
3969,3973,CFG
3970,3971,CFG
3971,3972,CFG
3972,3975,CFG
3973,3974,CFG
3974,3970,CFG
3975,3977,CFG
3976,3979,CFG
3977,3978,CFG
3978,3976,CFG
3979,3981,CFG
3980,3984,CFG
3981,3982,CFG
3982,3983,CFG
3983,3980,CFG
3984,3985,CFG
3985,3736,CFG
3986,4027,CFG
4026,4029,CFG
4027,4028,CFG
4028,4026,CFG
4029,4031,CFG
4030,4033,CFG
4031,4032,CFG
4032,4030,CFG
4033,4035,CFG
4034,4037,CFG
4035,4036,CFG
4036,4034,CFG
4037,4039,CFG
4038,4041,CFG
4039,4040,CFG
4040,4038,CFG
4041,4043,CFG
4042,4045,CFG
4043,4044,CFG
4044,4042,CFG
4045,4047,CFG
4046,4049,CFG
4047,4048,CFG
4048,4046,CFG
4049,4051,CFG
4050,4053,CFG
4051,4052,CFG
4052,4050,CFG
4053,4055,CFG
4054,4057,CFG
4055,4056,CFG
4056,4054,CFG
4057,4058,CFG
4058,4059,CFG
4059,4060,CFG
4060,4061,CFG
4061,4062,CFG
4062,4063,CFG
4063,4064,CFG
4064,4065,CFG
4065,4066,CFG
4066,4067,CFG
4067,4068,CFG
4068,4069,CFG
4069,4070,CFG
4070,4071,CFG
4071,4072,CFG
4072,4073,CFG
4073,4074,CFG
4074,4075,CFG
4075,4076,CFG
4076,4077,CFG
4077,4078,CFG
4078,4079,CFG
4079,4080,CFG
4080,4081,CFG
4081,4082,CFG
4082,4083,CFG
4083,4084,CFG
4084,4085,CFG
4085,4086,CFG
4086,4087,CFG
4087,4088,CFG
4088,4090,CFG
4089,4092,CFG
4090,4091,CFG
4091,4089,CFG
4092,4093,CFG
4093,4094,CFG
4094,4095,CFG
4095,4096,CFG
4096,4097,CFG
4097,4098,CFG
4098,4099,CFG
4098,4319,CFG
4099,4100,CFG
4100,4101,CFG
4101,4102,CFG
4102,4103,CFG
4103,4104,CFG
4104,4105,CFG
4104,4133,CFG
4105,4107,CFG
4106,4123,CFG
4107,4108,CFG
4108,4109,CFG
4109,4110,CFG
4110,4111,CFG
4111,4112,CFG
4112,4113,CFG
4113,4114,CFG
4114,4115,CFG
4115,4116,CFG
4116,4117,CFG
4117,4118,CFG
4118,4119,CFG
4119,4120,CFG
4120,4121,CFG
4121,4122,CFG
4122,4106,CFG
4123,4125,CFG
4124,4132,CFG
4125,4126,CFG
4126,4127,CFG
4127,4128,CFG
4128,4129,CFG
4129,4130,CFG
4130,4131,CFG
4131,4124,CFG
4132,4133,CFG
4133,4134,CFG
4134,4135,CFG
4135,4136,CFG
4136,4137,CFG
4137,4138,CFG
4138,4139,CFG
4139,4141,CFG
4140,4152,CFG
4141,4142,CFG
4142,4143,CFG
4143,4144,CFG
4144,4145,CFG
4145,4146,CFG
4146,4147,CFG
4147,4148,CFG
4148,4149,CFG
4149,4150,CFG
4150,4151,CFG
4151,4140,CFG
4152,4154,CFG
4153,4156,CFG
4154,4155,CFG
4155,4153,CFG
4156,4159,CFG
4157,4158,CFG
4158,4161,CFG
4159,4160,CFG
4160,4157,CFG
4161,4183,CFG
4162,4163,CFG
4163,4164,CFG
4164,4165,CFG
4165,4166,CFG
4166,4167,CFG
4167,4168,CFG
4168,4169,CFG
4169,4170,CFG
4170,4171,CFG
4171,4172,CFG
4172,4173,CFG
4173,4174,CFG
4174,4175,CFG
4175,4176,CFG
4176,4177,CFG
4177,4178,CFG
4178,4179,CFG
4179,4180,CFG
4180,4181,CFG
4181,4182,CFG
4182,4194,CFG
4183,4184,CFG
4184,4185,CFG
4185,4186,CFG
4186,4187,CFG
4187,4188,CFG
4188,4189,CFG
4189,4190,CFG
4190,4191,CFG
4191,4192,CFG
4192,4193,CFG
4193,4162,CFG
4194,4195,CFG
4195,4196,CFG
4196,4197,CFG
4197,4198,CFG
4198,4199,CFG
4199,4200,CFG
4200,4201,CFG
4201,4202,CFG
4202,4203,CFG
4203,4204,CFG
4204,4205,CFG
4205,4206,CFG
4206,4207,CFG
4207,4208,CFG
4208,4209,CFG
4209,4210,CFG
4210,4211,CFG
4211,4212,CFG
4212,4214,CFG
4213,4225,CFG
4214,4215,CFG
4215,4216,CFG
4216,4217,CFG
4217,4218,CFG
4218,4219,CFG
4219,4220,CFG
4220,4221,CFG
4221,4222,CFG
4222,4223,CFG
4223,4224,CFG
4224,4213,CFG
4225,4226,CFG
4226,4227,CFG
4227,4228,CFG
4228,4229,CFG
4229,4230,CFG
4230,4231,CFG
4231,4232,CFG
4232,4233,CFG
4233,4234,CFG
4234,4235,CFG
4235,4236,CFG
4236,4237,CFG
4237,4238,CFG
4238,4239,CFG
4239,4240,CFG
4240,4241,CFG
4241,4242,CFG
4242,4243,CFG
4243,4246,CFG
4244,4245,CFG
4245,4256,CFG
4246,4247,CFG
4247,4248,CFG
4248,4249,CFG
4249,4250,CFG
4250,4251,CFG
4251,4252,CFG
4252,4253,CFG
4253,4254,CFG
4254,4255,CFG
4255,4244,CFG
4256,4259,CFG
4257,4258,CFG
4258,4275,CFG
4259,4260,CFG
4260,4261,CFG
4261,4262,CFG
4262,4263,CFG
4263,4264,CFG
4264,4265,CFG
4265,4266,CFG
4266,4267,CFG
4267,4268,CFG
4268,4269,CFG
4269,4270,CFG
4270,4271,CFG
4271,4272,CFG
4272,4273,CFG
4273,4274,CFG
4274,4257,CFG
4275,4283,CFG
4276,4277,CFG
4277,4278,CFG
4278,4279,CFG
4279,4280,CFG
4280,4281,CFG
4281,4282,CFG
4282,4294,CFG
4283,4284,CFG
4284,4285,CFG
4285,4286,CFG
4286,4287,CFG
4287,4288,CFG
4288,4289,CFG
4289,4290,CFG
4290,4291,CFG
4291,4292,CFG
4292,4293,CFG
4293,4276,CFG
4294,4295,CFG
4295,4296,CFG
4296,4297,CFG
4297,4298,CFG
4298,4299,CFG
4299,4300,CFG
4300,4301,CFG
4301,4302,CFG
4302,4303,CFG
4303,4304,CFG
4304,4305,CFG
4305,4307,CFG
4306,4318,CFG
4307,4308,CFG
4308,4309,CFG
4309,4310,CFG
4310,4311,CFG
4311,4312,CFG
4312,4313,CFG
4313,4314,CFG
4314,4315,CFG
4315,4316,CFG
4316,4317,CFG
4317,4306,CFG
4318,4319,CFG
4319,4320,CFG
4320,4321,CFG
4321,4322,CFG
4322,4323,CFG
4323,4324,CFG
4324,4404,CFG
4324,4325,CFG
4325,4327,CFG
4326,4337,CFG
4327,4328,CFG
4328,4329,CFG
4329,4330,CFG
4330,4331,CFG
4331,4332,CFG
4332,4333,CFG
4333,4334,CFG
4334,4335,CFG
4335,4336,CFG
4336,4326,CFG
4337,4339,CFG
4338,4341,CFG
4339,4340,CFG
4340,4338,CFG
4341,4342,CFG
4342,4343,CFG
4343,4344,CFG
4344,4345,CFG
4345,4346,CFG
4346,4347,CFG
4347,4349,CFG
4347,4352,CFG
4348,4351,CFG
4349,4350,CFG
4350,4348,CFG
4351,4404,CFG
4352,4353,CFG
4353,4354,CFG
4354,4355,CFG
4355,4356,CFG
4356,4357,CFG
4357,4358,CFG
4358,4359,CFG
4359,4360,CFG
4360,4361,CFG
4361,4362,CFG
4362,4363,CFG
4363,4364,CFG
4364,4365,CFG
4365,4366,CFG
4366,4368,CFG
4367,4370,CFG
4368,4369,CFG
4369,4367,CFG
4370,4381,CFG
4370,4371,CFG
4371,4372,CFG
4372,4373,CFG
4373,4374,CFG
4374,4375,CFG
4375,4376,CFG
4376,4378,CFG
4377,4380,CFG
4378,4379,CFG
4379,4377,CFG
4380,4381,CFG
4381,4382,CFG
4382,4383,CFG
4383,4384,CFG
4384,4385,CFG
4385,4386,CFG
4386,4388,CFG
4387,4390,CFG
4388,4389,CFG
4389,4387,CFG
4390,4391,CFG
4391,4392,CFG
4392,4393,CFG
4393,4394,CFG
4394,4395,CFG
4395,4396,CFG
4396,4397,CFG
4396,4058,CFG
4397,4398,CFG
4398,4399,CFG
4399,4400,CFG
4400,4401,CFG
4401,4402,CFG
4402,4404,CFG
4402,4058,CFG
4403,3987,CFG
4404,4405,CFG
4405,4403,CFG
