2,4557,AST
2,4561,AST
2,4566,AST
2,4571,AST
2,4576,AST
2,4581,AST
2,4586,AST
2,4590,AST
2,4595,AST
2,4600,AST
2,4605,AST
2,4610,AST
2,4615,AST
2,4620,AST
2,4625,AST
2,4630,AST
2,4635,AST
2,4640,AST
2,3,AST
2,5,AST
2,12,AST
2,17,AST
2,20,AST
2,23,AST
2,26,AST
2,29,AST
2,32,AST
2,37,AST
2,40,AST
2,43,AST
2,46,AST
2,53,AST
2,58,AST
2,61,AST
2,64,AST
2,69,AST
2,72,AST
2,75,AST
2,80,AST
2,89,AST
2,92,AST
2,101,AST
2,112,AST
2,134,AST
2,141,AST
2,146,AST
2,169,AST
2,173,AST
2,179,AST
2,184,AST
2,197,AST
2,201,AST
2,213,AST
2,216,AST
2,224,AST
2,231,AST
2,234,AST
2,237,AST
2,254,AST
2,261,AST
2,263,AST
2,266,AST
2,269,AST
2,278,AST
2,298,AST
2,307,AST
2,310,AST
2,313,AST
2,316,AST
2,319,AST
2,322,AST
2,325,AST
2,328,AST
2,339,AST
2,343,AST
2,348,AST
2,351,AST
2,356,AST
2,359,AST
2,362,AST
2,365,AST
2,370,AST
2,373,AST
2,378,AST
2,389,AST
2,392,AST
2,455,AST
2,508,AST
2,513,AST
2,528,AST
2,531,AST
2,534,AST
2,541,AST
2,575,AST
2,618,AST
2,655,AST
2,674,AST
2,683,AST
2,690,AST
2,699,AST
2,701,AST
2,703,AST
2,714,AST
2,723,AST
2,740,AST
2,743,AST
2,746,AST
2,757,AST
2,759,AST
2,4468,AST
3,7,AST
3,9,AST
3,11,AST
3,14,AST
3,16,AST
3,19,AST
3,22,AST
3,25,AST
3,28,AST
3,31,AST
3,34,AST
3,36,AST
3,39,AST
3,42,AST
43,48,AST
43,50,AST
43,52,AST
43,55,AST
43,57,AST
58,63,AST
58,66,AST
58,68,AST
58,71,AST
58,74,AST
58,77,AST
58,79,AST
58,82,AST
58,84,AST
58,86,AST
58,88,AST
58,91,AST
58,94,AST
58,96,AST
58,98,AST
58,100,AST
58,103,AST
58,105,AST
58,107,AST
58,109,AST
58,111,AST
58,114,AST
58,116,AST
58,118,AST
58,120,AST
58,122,AST
58,124,AST
58,126,AST
58,128,AST
72,131,AST
72,133,AST
134,138,AST
134,140,AST
134,143,AST
134,145,AST
146,150,AST
146,152,AST
146,154,AST
146,156,AST
146,158,AST
146,160,AST
146,162,AST
146,164,AST
146,166,AST
146,168,AST
146,171,AST
169,175,AST
173,178,AST
173,181,AST
173,183,AST
184,188,AST
184,190,AST
184,192,AST
184,194,AST
184,196,AST
197,200,AST
197,203,AST
197,205,AST
197,207,AST
197,209,AST
197,211,AST
201,215,AST
216,219,AST
216,221,AST
216,223,AST
216,226,AST
216,228,AST
216,230,AST
216,233,AST
216,236,AST
216,239,AST
216,241,AST
216,243,AST
216,245,AST
216,247,AST
216,249,AST
216,251,AST
216,253,AST
254,258,AST
254,260,AST
261,265,AST
261,268,AST
261,271,AST
261,273,AST
261,275,AST
261,277,AST
278,281,AST
278,283,AST
278,285,AST
278,287,AST
278,289,AST
278,291,AST
278,293,AST
278,295,AST
278,297,AST
298,302,AST
298,304,AST
298,306,AST
298,309,AST
298,312,AST
298,315,AST
298,318,AST
298,321,AST
322,327,AST
322,330,AST
322,332,AST
322,334,AST
322,336,AST
322,338,AST
322,341,AST
325,345,AST
325,347,AST
348,353,AST
348,355,AST
348,358,AST
348,361,AST
348,364,AST
365,369,AST
365,372,AST
365,375,AST
365,377,AST
365,380,AST
365,382,AST
365,384,AST
365,386,AST
370,391,AST
392,396,AST
392,398,AST
392,400,AST
392,402,AST
392,404,AST
392,406,AST
392,408,AST
392,410,AST
392,412,AST
392,414,AST
392,416,AST
392,418,AST
392,420,AST
392,422,AST
392,424,AST
392,426,AST
392,428,AST
392,430,AST
392,432,AST
392,434,AST
392,436,AST
392,438,AST
392,440,AST
392,442,AST
392,444,AST
392,446,AST
392,448,AST
392,450,AST
392,452,AST
392,454,AST
392,457,AST
392,459,AST
392,461,AST
392,463,AST
392,465,AST
392,467,AST
392,469,AST
392,471,AST
392,473,AST
392,475,AST
392,477,AST
392,479,AST
392,481,AST
392,483,AST
392,485,AST
392,487,AST
392,489,AST
392,491,AST
392,493,AST
392,495,AST
392,497,AST
392,499,AST
392,501,AST
392,503,AST
392,505,AST
392,507,AST
392,510,AST
392,512,AST
392,515,AST
392,517,AST
392,519,AST
392,521,AST
392,523,AST
392,525,AST
392,527,AST
392,530,AST
392,533,AST
392,536,AST
392,538,AST
392,540,AST
531,558,AST
531,560,AST
531,562,AST
531,564,AST
531,566,AST
531,568,AST
531,570,AST
531,572,AST
531,574,AST
531,577,AST
531,579,AST
531,581,AST
534,585,AST
534,587,AST
534,589,AST
534,591,AST
534,593,AST
534,595,AST
534,597,AST
534,599,AST
534,601,AST
534,603,AST
534,605,AST
534,607,AST
534,609,AST
534,611,AST
534,613,AST
534,615,AST
534,617,AST
541,544,AST
541,546,AST
541,548,AST
541,550,AST
541,552,AST
541,554,AST
618,622,AST
618,624,AST
618,626,AST
618,628,AST
618,630,AST
618,632,AST
618,634,AST
618,636,AST
618,638,AST
618,640,AST
618,642,AST
618,644,AST
618,646,AST
618,648,AST
618,650,AST
618,652,AST
618,654,AST
618,657,AST
618,659,AST
618,661,AST
618,663,AST
618,665,AST
618,667,AST
618,669,AST
618,671,AST
618,673,AST
618,676,AST
618,678,AST
618,680,AST
618,682,AST
683,687,AST
683,689,AST
690,694,AST
690,696,AST
690,698,AST
701,705,AST
701,707,AST
701,709,AST
701,711,AST
701,713,AST
701,716,AST
701,718,AST
701,720,AST
701,722,AST
703,727,AST
703,729,AST
703,731,AST
703,733,AST
703,735,AST
703,737,AST
703,739,AST
703,742,AST
703,745,AST
703,748,AST
703,750,AST
703,752,AST
703,754,AST
703,756,AST
759,762,AST
759,764,AST
759,766,AST
759,768,AST
759,770,AST
759,772,AST
759,774,AST
775,776,AST
776,777,AST
776,783,AST
776,3135,AST
776,3139,AST
776,3144,AST
776,3575,AST
776,3580,AST
776,3586,AST
776,3591,AST
776,3598,AST
776,3602,AST
776,3607,AST
776,3613,AST
776,3620,AST
776,3707,AST
776,3712,AST
776,3717,AST
776,3722,AST
776,3727,AST
776,3730,AST
776,3735,AST
776,3986,AST
776,4406,AST
776,4411,AST
776,4413,AST
776,4415,AST
776,4418,AST
776,4420,AST
776,4422,AST
776,4425,AST
776,4427,AST
776,4430,AST
776,4434,AST
776,4437,AST
776,4439,AST
776,4445,AST
776,4447,AST
776,4450,AST
776,4453,AST
776,4455,AST
776,4457,AST
776,4459,AST
776,4461,AST
776,4463,AST
776,4465,AST
776,4471,AST
776,4473,AST
776,4475,AST
776,4477,AST
776,4479,AST
776,4481,AST
776,4484,AST
776,4486,AST
776,4488,AST
776,4490,AST
776,4493,AST
776,4495,AST
776,4498,AST
776,4500,AST
776,4503,AST
776,4507,AST
776,4509,AST
776,4513,AST
776,4517,AST
776,4519,AST
776,4522,AST
776,4525,AST
776,4528,AST
776,4530,AST
776,4532,AST
776,4534,AST
776,4536,AST
776,4540,AST
776,4542,AST
776,4544,AST
776,4546,AST
776,4548,AST
776,4553,AST
777,779,AST
777,778,AST
777,780,AST
777,781,AST
777,782,AST
777,4646,AST
777,4647,AST
777,4648,AST
783,785,AST
783,784,AST
783,786,AST
783,787,AST
783,4649,AST
783,4650,AST
785,788,AST
785,789,AST
785,790,AST
785,791,AST
785,792,AST
785,793,AST
785,794,AST
785,795,AST
785,796,AST
785,797,AST
785,798,AST
785,799,AST
785,800,AST
785,801,AST
785,802,AST
785,803,AST
785,804,AST
785,805,AST
785,806,AST
785,807,AST
785,808,AST
785,809,AST
785,810,AST
785,811,AST
785,812,AST
785,813,AST
785,814,AST
785,815,AST
785,816,AST
785,817,AST
785,818,AST
785,819,AST
785,820,AST
785,821,AST
785,822,AST
785,823,AST
785,824,AST
785,825,AST
785,826,AST
785,827,AST
785,828,AST
785,829,AST
785,830,AST
785,831,AST
785,832,AST
785,833,AST
785,834,AST
785,835,AST
785,836,AST
785,837,AST
785,838,AST
785,839,AST
785,840,AST
785,841,AST
785,842,AST
785,843,AST
785,844,AST
785,845,AST
785,846,AST
785,847,AST
785,848,AST
785,849,AST
785,850,AST
785,851,AST
785,852,AST
785,853,AST
785,854,AST
785,855,AST
785,856,AST
785,857,AST
785,858,AST
785,859,AST
785,860,AST
785,861,AST
785,862,AST
785,863,AST
785,864,AST
785,865,AST
785,866,AST
785,867,AST
785,868,AST
785,869,AST
785,870,AST
785,871,AST
785,872,AST
785,873,AST
785,874,AST
785,875,AST
785,876,AST
785,877,AST
785,878,AST
785,879,AST
785,880,AST
785,881,AST
785,882,AST
785,883,AST
785,884,AST
785,885,AST
785,886,AST
785,887,AST
785,888,AST
785,889,AST
785,890,AST
785,891,AST
785,892,AST
785,893,AST
785,894,AST
785,895,AST
785,896,AST
785,897,AST
785,898,AST
785,899,AST
785,900,AST
785,901,AST
785,902,AST
785,903,AST
785,904,AST
785,905,AST
785,906,AST
785,907,AST
785,908,AST
785,909,AST
785,910,AST
785,911,AST
785,912,AST
785,913,AST
785,914,AST
785,915,AST
785,916,AST
785,917,AST
785,918,AST
785,919,AST
785,920,AST
785,921,AST
785,922,AST
785,923,AST
785,924,AST
785,925,AST
785,926,AST
785,927,AST
785,928,AST
785,929,AST
785,930,AST
785,931,AST
785,932,AST
785,933,AST
785,934,AST
785,935,AST
785,936,AST
785,937,AST
785,938,AST
785,939,AST
785,940,AST
785,941,AST
785,942,AST
785,943,AST
785,944,AST
785,945,AST
785,946,AST
785,947,AST
785,948,AST
785,949,AST
785,953,AST
785,957,AST
785,967,AST
785,979,AST
785,992,AST
785,1012,AST
785,1023,AST
785,1045,AST
785,1051,AST
785,1056,AST
785,1061,AST
785,1072,AST
785,1083,AST
785,1088,AST
785,1107,AST
785,1112,AST
785,1113,AST
785,1127,AST
785,1143,AST
785,1149,AST
785,1155,AST
785,1168,AST
785,1190,AST
785,1199,AST
785,1216,AST
785,1225,AST
785,1234,AST
785,1243,AST
785,1252,AST
785,1270,AST
785,1274,AST
785,1280,AST
785,1299,AST
785,1310,AST
785,1323,AST
785,1334,AST
785,1343,AST
785,1356,AST
785,1376,AST
785,1381,AST
785,1394,AST
785,1398,AST
785,1409,AST
785,1422,AST
785,1444,AST
785,1455,AST
785,1465,AST
785,1469,AST
785,1481,AST
785,1498,AST
785,1508,AST
785,1512,AST
785,1527,AST
785,1533,AST
785,1534,AST
785,1545,AST
785,1567,AST
785,1571,AST
785,1577,AST
785,1590,AST
785,1603,AST
785,1615,AST
785,1628,AST
785,1641,AST
785,1653,AST
785,1658,AST
785,1691,AST
785,1709,AST
785,1722,AST
785,1740,AST
785,1753,AST
785,1772,AST
785,1789,AST
785,1793,AST
785,1799,AST
785,1815,AST
785,1828,AST
785,1841,AST
785,1853,AST
785,1866,AST
785,1879,AST
785,1891,AST
785,1896,AST
785,1929,AST
785,1947,AST
785,1960,AST
785,1978,AST
785,1991,AST
785,2010,AST
785,2021,AST
785,2026,AST
785,2031,AST
785,2042,AST
785,2047,AST
785,2056,AST
785,2062,AST
785,2071,AST
785,2075,AST
785,2084,AST
785,2088,AST
785,2094,AST
785,2103,AST
785,2114,AST
785,2119,AST
785,2128,AST
785,2139,AST
785,2144,AST
785,2150,AST
785,2155,AST
785,2162,AST
785,2168,AST
785,2172,AST
785,2178,AST
785,2183,AST
785,2192,AST
785,2196,AST
785,2205,AST
785,2210,AST
785,2216,AST
785,2220,AST
785,2226,AST
785,2230,AST
785,2236,AST
785,2242,AST
785,2248,AST
785,2255,AST
785,2261,AST
785,2267,AST
785,2271,AST
785,2277,AST
785,2282,AST
785,2286,AST
785,2291,AST
785,2295,AST
785,2300,AST
785,2304,AST
785,2308,AST
785,2314,AST
785,2320,AST
785,2325,AST
785,2329,AST
785,2330,AST
785,2336,AST
785,2341,AST
785,2345,AST
785,2350,AST
785,2354,AST
785,2359,AST
785,2363,AST
785,2367,AST
785,2373,AST
785,2379,AST
785,2384,AST
785,2388,AST
785,2389,AST
785,2395,AST
785,2400,AST
785,2406,AST
785,2410,AST
785,2417,AST
785,2431,AST
785,2437,AST
785,2450,AST
785,2461,AST
785,2472,AST
785,2483,AST
785,2487,AST
785,2502,AST
785,2508,AST
785,2523,AST
785,2527,AST
785,2542,AST
785,2548,AST
785,2553,AST
785,2566,AST
785,2578,AST
785,2587,AST
785,2602,AST
785,2615,AST
785,2630,AST
785,2645,AST
785,2664,AST
785,2679,AST
785,2690,AST
785,2694,AST
785,2700,AST
785,2718,AST
785,2727,AST
785,2752,AST
785,2756,AST
785,2761,AST
785,2794,AST
785,2812,AST
785,2825,AST
785,2843,AST
785,2856,AST
785,2875,AST
785,2886,AST
785,2899,AST
785,2916,AST
785,2920,AST
785,2926,AST
785,2936,AST
785,2940,AST
785,2946,AST
785,2962,AST
785,2968,AST
785,2977,AST
785,2992,AST
785,3001,AST
785,3016,AST
785,3031,AST
785,3040,AST
785,3046,AST
785,3051,AST
785,3064,AST
785,3077,AST
785,3089,AST
785,3102,AST
785,3115,AST
785,3127,AST
785,3132,AST
785,3133,AST
952,951,AST
953,952,AST
953,950,AST
956,955,AST
957,956,AST
957,954,AST
959,958,AST
961,959,AST
961,960,AST
963,961,AST
963,962,AST
964,963,AST
966,965,AST
967,966,AST
967,964,AST
970,969,AST
972,970,AST
972,971,AST
974,972,AST
974,973,AST
975,974,AST
976,968,AST
976,975,AST
978,977,AST
979,978,AST
979,976,AST
982,981,AST
984,982,AST
984,983,AST
986,984,AST
986,985,AST
988,986,AST
988,987,AST
990,988,AST
990,989,AST
991,990,AST
992,980,AST
992,991,AST
998,997,AST
1000,998,AST
1000,999,AST
1002,1000,AST
1002,1001,AST
1004,1002,AST
1004,1003,AST
1006,1004,AST
1006,1005,AST
1007,996,AST
1007,1006,AST
1009,1007,AST
1009,1008,AST
1010,995,AST
1010,1009,AST
1011,994,AST
1011,1010,AST
1012,993,AST
1012,1011,AST
1016,1015,AST
1018,1016,AST
1018,1017,AST
1020,1018,AST
1020,1019,AST
1021,1020,AST
1022,1014,AST
1022,1021,AST
1023,1013,AST
1023,1022,AST
1027,1026,AST
1029,1027,AST
1029,1028,AST
1031,1029,AST
1031,1030,AST
1032,1031,AST
1034,1032,AST
1034,1033,AST
1036,1034,AST
1036,1035,AST
1037,1036,AST
1038,1025,AST
1038,1037,AST
1040,1038,AST
1040,1039,AST
1041,1040,AST
1042,1024,AST
1042,1041,AST
1044,1043,AST
1045,1044,AST
1045,1042,AST
1048,1047,AST
1050,1048,AST
1050,1049,AST
1051,1046,AST
1051,1050,AST
1053,1055,AST
1055,1054,AST
1056,1052,AST
1056,1053,AST
1060,1058,AST
1060,1059,AST
1061,1057,AST
1061,1060,AST
1064,1063,AST
1066,1064,AST
1066,1065,AST
1068,1066,AST
1068,1067,AST
1069,1068,AST
1071,1069,AST
1071,1070,AST
1072,1062,AST
1072,1071,AST
1074,1081,AST
1074,1082,AST
1076,1075,AST
1078,1076,AST
1078,1077,AST
1080,1078,AST
1080,1079,AST
1081,1080,AST
1083,1073,AST
1083,1074,AST
1087,1085,AST
1087,1086,AST
1088,1084,AST
1088,1087,AST
1090,1092,AST
1090,1099,AST
1090,1106,AST
1092,1091,AST
1094,1093,AST
1096,1094,AST
1096,1095,AST
1098,1096,AST
1098,1097,AST
1099,1098,AST
1101,1100,AST
1103,1101,AST
1103,1102,AST
1105,1103,AST
1105,1104,AST
1106,1105,AST
1107,1089,AST
1107,1090,AST
1111,1109,AST
1111,1110,AST
1112,1108,AST
1112,1111,AST
1113,1115,AST
1113,1116,AST
1115,1114,AST
1119,1118,AST
1121,1119,AST
1121,1120,AST
1123,1121,AST
1123,1122,AST
1124,1123,AST
1126,1124,AST
1126,1125,AST
1127,1117,AST
1127,1126,AST
1129,1141,AST
1129,1142,AST
1131,1130,AST
1133,1131,AST
1133,1132,AST
1135,1133,AST
1135,1134,AST
1136,1135,AST
1138,1136,AST
1138,1137,AST
1140,1138,AST
1140,1139,AST
1141,1140,AST
1143,1128,AST
1143,1129,AST
1145,1146,AST
1145,1147,AST
1145,1148,AST
1149,1144,AST
1149,1145,AST
1152,1150,AST
1152,1151,AST
1154,1153,AST
1155,1154,AST
1155,1152,AST
1159,1157,AST
1159,1158,AST
1160,1156,AST
1160,1159,AST
1162,1161,AST
1164,1162,AST
1164,1163,AST
1166,1164,AST
1166,1165,AST
1167,1166,AST
1168,1167,AST
1168,1160,AST
1170,1177,AST
1170,1189,AST
1172,1171,AST
1174,1172,AST
1174,1173,AST
1176,1174,AST
1176,1175,AST
1177,1176,AST
1179,1178,AST
1181,1179,AST
1181,1180,AST
1183,1181,AST
1183,1182,AST
1184,1183,AST
1186,1184,AST
1186,1185,AST
1188,1186,AST
1188,1187,AST
1189,1188,AST
1190,1169,AST
1190,1170,AST
1193,1192,AST
1195,1193,AST
1195,1194,AST
1197,1195,AST
1197,1196,AST
1198,1197,AST
1199,1198,AST
1199,1191,AST
1201,1208,AST
1201,1215,AST
1203,1202,AST
1205,1203,AST
1205,1204,AST
1207,1205,AST
1207,1206,AST
1208,1207,AST
1210,1209,AST
1212,1210,AST
1212,1211,AST
1214,1212,AST
1214,1213,AST
1215,1214,AST
1216,1200,AST
1216,1201,AST
1219,1218,AST
1221,1219,AST
1221,1220,AST
1223,1221,AST
1223,1222,AST
1224,1223,AST
1225,1224,AST
1225,1217,AST
1228,1227,AST
1230,1228,AST
1230,1229,AST
1232,1230,AST
1232,1231,AST
1233,1232,AST
1234,1233,AST
1234,1226,AST
1237,1236,AST
1239,1237,AST
1239,1238,AST
1241,1239,AST
1241,1240,AST
1242,1241,AST
1243,1242,AST
1243,1235,AST
1246,1245,AST
1248,1246,AST
1248,1247,AST
1250,1248,AST
1250,1249,AST
1251,1250,AST
1252,1251,AST
1252,1244,AST
1254,1260,AST
1254,1267,AST
1254,1268,AST
1254,1269,AST
1256,1255,AST
1258,1256,AST
1258,1257,AST
1260,1258,AST
1260,1259,AST
1262,1261,AST
1264,1262,AST
1264,1263,AST
1266,1264,AST
1266,1265,AST
1267,1266,AST
1270,1253,AST
1270,1254,AST
1273,1272,AST
1274,1273,AST
1274,1271,AST
1277,1276,AST
1279,1277,AST
1279,1278,AST
1280,1275,AST
1280,1279,AST
1282,1281,AST
1284,1282,AST
1284,1283,AST
1286,1284,AST
1286,1285,AST
1287,1286,AST
1289,1288,AST
1291,1289,AST
1291,1290,AST
1293,1291,AST
1293,1292,AST
1295,1293,AST
1295,1294,AST
1297,1295,AST
1297,1296,AST
1298,1297,AST
1299,1298,AST
1299,1287,AST
1303,1302,AST
1305,1303,AST
1305,1304,AST
1307,1305,AST
1307,1306,AST
1308,1307,AST
1309,1301,AST
1309,1308,AST
1310,1300,AST
1310,1309,AST
1313,1312,AST
1315,1313,AST
1315,1314,AST
1317,1315,AST
1317,1316,AST
1319,1317,AST
1319,1318,AST
1321,1319,AST
1321,1320,AST
1322,1321,AST
1323,1322,AST
1323,1311,AST
1326,1325,AST
1328,1326,AST
1328,1327,AST
1330,1328,AST
1330,1329,AST
1331,1330,AST
1333,1331,AST
1333,1332,AST
1334,1324,AST
1334,1333,AST
1337,1336,AST
1339,1337,AST
1339,1338,AST
1341,1339,AST
1341,1340,AST
1342,1341,AST
1343,1342,AST
1343,1335,AST
1346,1345,AST
1348,1346,AST
1348,1347,AST
1350,1348,AST
1350,1349,AST
1352,1350,AST
1352,1351,AST
1354,1352,AST
1354,1353,AST
1355,1354,AST
1356,1344,AST
1356,1355,AST
1362,1361,AST
1364,1362,AST
1364,1363,AST
1366,1364,AST
1366,1365,AST
1368,1366,AST
1368,1367,AST
1370,1368,AST
1370,1369,AST
1371,1360,AST
1371,1370,AST
1373,1371,AST
1373,1372,AST
1374,1359,AST
1374,1373,AST
1375,1358,AST
1375,1374,AST
1376,1357,AST
1376,1375,AST
1380,1378,AST
1380,1379,AST
1381,1377,AST
1381,1380,AST
1384,1383,AST
1386,1384,AST
1386,1385,AST
1388,1386,AST
1388,1387,AST
1390,1388,AST
1390,1389,AST
1392,1390,AST
1392,1391,AST
1393,1392,AST
1394,1382,AST
1394,1393,AST
1397,1396,AST
1398,1397,AST
1398,1395,AST
1401,1400,AST
1403,1401,AST
1403,1402,AST
1405,1403,AST
1405,1404,AST
1406,1405,AST
1408,1406,AST
1408,1407,AST
1409,1399,AST
1409,1408,AST
1412,1411,AST
1414,1412,AST
1414,1413,AST
1416,1414,AST
1416,1415,AST
1418,1416,AST
1418,1417,AST
1420,1418,AST
1420,1419,AST
1421,1420,AST
1422,1421,AST
1422,1410,AST
1424,1426,AST
1424,1428,AST
1424,1440,AST
1424,1441,AST
1424,1442,AST
1424,1443,AST
1426,1425,AST
1428,1427,AST
1430,1429,AST
1432,1430,AST
1432,1431,AST
1434,1432,AST
1434,1433,AST
1435,1434,AST
1437,1435,AST
1437,1436,AST
1439,1437,AST
1439,1438,AST
1440,1439,AST
1444,1423,AST
1444,1424,AST
1447,1446,AST
1449,1447,AST
1449,1448,AST
1451,1449,AST
1451,1450,AST
1452,1451,AST
1454,1452,AST
1454,1453,AST
1455,1445,AST
1455,1454,AST
1457,1464,AST
1459,1458,AST
1461,1459,AST
1461,1460,AST
1463,1461,AST
1463,1462,AST
1464,1463,AST
1465,1456,AST
1465,1457,AST
1468,1467,AST
1469,1468,AST
1469,1466,AST
1472,1471,AST
1474,1472,AST
1474,1473,AST
1476,1474,AST
1476,1475,AST
1477,1476,AST
1479,1478,AST
1480,1477,AST
1480,1479,AST
1481,1470,AST
1481,1480,AST
1483,1482,AST
1485,1483,AST
1485,1484,AST
1487,1485,AST
1487,1486,AST
1488,1487,AST
1490,1488,AST
1490,1489,AST
1492,1491,AST
1494,1492,AST
1494,1493,AST
1496,1494,AST
1496,1495,AST
1497,1496,AST
1498,1497,AST
1498,1490,AST
1500,1507,AST
1502,1501,AST
1504,1502,AST
1504,1503,AST
1506,1504,AST
1506,1505,AST
1507,1506,AST
1508,1499,AST
1508,1500,AST
1511,1510,AST
1512,1511,AST
1512,1509,AST
1515,1514,AST
1517,1515,AST
1517,1516,AST
1519,1517,AST
1519,1518,AST
1521,1519,AST
1521,1520,AST
1523,1521,AST
1523,1522,AST
1524,1523,AST
1526,1524,AST
1526,1525,AST
1527,1513,AST
1527,1526,AST
1531,1530,AST
1532,1529,AST
1532,1531,AST
1533,1528,AST
1533,1532,AST
1537,1536,AST
1539,1537,AST
1539,1538,AST
1541,1539,AST
1541,1540,AST
1542,1541,AST
1544,1542,AST
1544,1543,AST
1545,1535,AST
1545,1544,AST
1547,1549,AST
1547,1551,AST
1547,1563,AST
1547,1564,AST
1547,1565,AST
1547,1566,AST
1549,1548,AST
1551,1550,AST
1553,1552,AST
1555,1553,AST
1555,1554,AST
1557,1555,AST
1557,1556,AST
1558,1557,AST
1560,1558,AST
1560,1559,AST
1562,1560,AST
1562,1561,AST
1563,1562,AST
1567,1546,AST
1567,1547,AST
1570,1569,AST
1571,1570,AST
1571,1568,AST
1574,1573,AST
1576,1574,AST
1576,1575,AST
1577,1572,AST
1577,1576,AST
1580,1579,AST
1582,1580,AST
1582,1581,AST
1584,1582,AST
1584,1583,AST
1586,1584,AST
1586,1585,AST
1588,1586,AST
1588,1587,AST
1589,1588,AST
1590,1578,AST
1590,1589,AST
1593,1592,AST
1595,1593,AST
1595,1594,AST
1597,1595,AST
1597,1596,AST
1599,1597,AST
1599,1598,AST
1601,1599,AST
1601,1600,AST
1602,1601,AST
1603,1591,AST
1603,1602,AST
1607,1605,AST
1607,1606,AST
1609,1607,AST
1609,1608,AST
1611,1609,AST
1611,1610,AST
1613,1611,AST
1613,1612,AST
1614,1613,AST
1615,1614,AST
1615,1604,AST
1618,1617,AST
1620,1618,AST
1620,1619,AST
1622,1620,AST
1622,1621,AST
1624,1622,AST
1624,1623,AST
1626,1624,AST
1626,1625,AST
1627,1626,AST
1628,1616,AST
1628,1627,AST
1631,1630,AST
1633,1631,AST
1633,1632,AST
1635,1633,AST
1635,1634,AST
1637,1635,AST
1637,1636,AST
1639,1637,AST
1639,1638,AST
1640,1639,AST
1641,1629,AST
1641,1640,AST
1645,1643,AST
1645,1644,AST
1647,1645,AST
1647,1646,AST
1649,1647,AST
1649,1648,AST
1651,1649,AST
1651,1650,AST
1652,1651,AST
1653,1652,AST
1653,1642,AST
1655,1654,AST
1657,1656,AST
1658,1657,AST
1658,1655,AST
1662,1661,AST
1664,1662,AST
1664,1663,AST
1666,1664,AST
1666,1665,AST
1667,1666,AST
1669,1667,AST
1669,1668,AST
1671,1669,AST
1671,1670,AST
1673,1671,AST
1673,1672,AST
1675,1673,AST
1675,1674,AST
1676,1660,AST
1676,1675,AST
1678,1676,AST
1678,1677,AST
1679,1659,AST
1679,1678,AST
1681,1680,AST
1683,1681,AST
1683,1682,AST
1685,1683,AST
1685,1684,AST
1687,1685,AST
1687,1686,AST
1689,1687,AST
1689,1688,AST
1690,1689,AST
1691,1690,AST
1691,1679,AST
1694,1693,AST
1696,1694,AST
1696,1695,AST
1698,1696,AST
1698,1697,AST
1699,1698,AST
1701,1699,AST
1701,1700,AST
1703,1701,AST
1703,1702,AST
1705,1703,AST
1705,1704,AST
1707,1705,AST
1707,1706,AST
1708,1707,AST
1709,1692,AST
1709,1708,AST
1712,1711,AST
1714,1712,AST
1714,1713,AST
1716,1714,AST
1716,1715,AST
1718,1716,AST
1718,1717,AST
1720,1718,AST
1720,1719,AST
1721,1720,AST
1722,1721,AST
1722,1710,AST
1725,1724,AST
1727,1725,AST
1727,1726,AST
1729,1727,AST
1729,1728,AST
1730,1729,AST
1732,1730,AST
1732,1731,AST
1734,1732,AST
1734,1733,AST
1736,1734,AST
1736,1735,AST
1738,1736,AST
1738,1737,AST
1739,1738,AST
1740,1723,AST
1740,1739,AST
1742,1741,AST
1745,1743,AST
1745,1744,AST
1747,1745,AST
1747,1746,AST
1749,1747,AST
1749,1748,AST
1751,1749,AST
1751,1750,AST
1752,1751,AST
1753,1752,AST
1753,1742,AST
1755,1754,AST
1757,1756,AST
1759,1757,AST
1759,1758,AST
1761,1759,AST
1761,1760,AST
1762,1761,AST
1764,1762,AST
1764,1763,AST
1766,1764,AST
1766,1765,AST
1768,1766,AST
1768,1767,AST
1770,1768,AST
1770,1769,AST
1771,1770,AST
1772,1771,AST
1772,1755,AST
1774,1781,AST
1774,1788,AST
1776,1775,AST
1778,1776,AST
1778,1777,AST
1780,1778,AST
1780,1779,AST
1781,1780,AST
1783,1782,AST
1785,1783,AST
1785,1784,AST
1787,1785,AST
1787,1786,AST
1788,1787,AST
1789,1773,AST
1789,1774,AST
1792,1791,AST
1793,1792,AST
1793,1790,AST
1796,1795,AST
1798,1796,AST
1798,1797,AST
1799,1794,AST
1799,1798,AST
1802,1801,AST
1804,1802,AST
1804,1803,AST
1806,1804,AST
1806,1805,AST
1807,1806,AST
1809,1807,AST
1809,1808,AST
1811,1809,AST
1811,1810,AST
1812,1811,AST
1814,1812,AST
1814,1813,AST
1815,1800,AST
1815,1814,AST
1818,1817,AST
1820,1818,AST
1820,1819,AST
1822,1820,AST
1822,1821,AST
1824,1822,AST
1824,1823,AST
1826,1824,AST
1826,1825,AST
1827,1826,AST
1828,1816,AST
1828,1827,AST
1831,1830,AST
1833,1831,AST
1833,1832,AST
1835,1833,AST
1835,1834,AST
1837,1835,AST
1837,1836,AST
1839,1837,AST
1839,1838,AST
1840,1839,AST
1841,1829,AST
1841,1840,AST
1845,1843,AST
1845,1844,AST
1847,1845,AST
1847,1846,AST
1849,1847,AST
1849,1848,AST
1851,1849,AST
1851,1850,AST
1852,1851,AST
1853,1852,AST
1853,1842,AST
1856,1855,AST
1858,1856,AST
1858,1857,AST
1860,1858,AST
1860,1859,AST
1862,1860,AST
1862,1861,AST
1864,1862,AST
1864,1863,AST
1865,1864,AST
1866,1854,AST
1866,1865,AST
1869,1868,AST
1871,1869,AST
1871,1870,AST
1873,1871,AST
1873,1872,AST
1875,1873,AST
1875,1874,AST
1877,1875,AST
1877,1876,AST
1878,1877,AST
1879,1867,AST
1879,1878,AST
1883,1881,AST
1883,1882,AST
1885,1883,AST
1885,1884,AST
1887,1885,AST
1887,1886,AST
1889,1887,AST
1889,1888,AST
1890,1889,AST
1891,1890,AST
1891,1880,AST
1893,1892,AST
1895,1894,AST
1896,1895,AST
1896,1893,AST
1900,1899,AST
1902,1900,AST
1902,1901,AST
1904,1902,AST
1904,1903,AST
1905,1904,AST
1907,1905,AST
1907,1906,AST
1909,1907,AST
1909,1908,AST
1911,1909,AST
1911,1910,AST
1913,1911,AST
1913,1912,AST
1914,1898,AST
1914,1913,AST
1916,1914,AST
1916,1915,AST
1917,1897,AST
1917,1916,AST
1919,1918,AST
1921,1919,AST
1921,1920,AST
1923,1921,AST
1923,1922,AST
1925,1923,AST
1925,1924,AST
1927,1925,AST
1927,1926,AST
1928,1927,AST
1929,1928,AST
1929,1917,AST
1932,1931,AST
1934,1932,AST
1934,1933,AST
1936,1934,AST
1936,1935,AST
1937,1936,AST
1939,1937,AST
1939,1938,AST
1941,1939,AST
1941,1940,AST
1943,1941,AST
1943,1942,AST
1945,1943,AST
1945,1944,AST
1946,1945,AST
1947,1930,AST
1947,1946,AST
1950,1949,AST
1952,1950,AST
1952,1951,AST
1954,1952,AST
1954,1953,AST
1956,1954,AST
1956,1955,AST
1958,1956,AST
1958,1957,AST
1959,1958,AST
1960,1959,AST
1960,1948,AST
1963,1962,AST
1965,1963,AST
1965,1964,AST
1967,1965,AST
1967,1966,AST
1968,1967,AST
1970,1968,AST
1970,1969,AST
1972,1970,AST
1972,1971,AST
1974,1972,AST
1974,1973,AST
1976,1974,AST
1976,1975,AST
1977,1976,AST
1978,1961,AST
1978,1977,AST
1980,1979,AST
1983,1981,AST
1983,1982,AST
1985,1983,AST
1985,1984,AST
1987,1985,AST
1987,1986,AST
1989,1987,AST
1989,1988,AST
1990,1989,AST
1991,1990,AST
1991,1980,AST
1993,1992,AST
1995,1994,AST
1997,1995,AST
1997,1996,AST
1999,1997,AST
1999,1998,AST
2000,1999,AST
2002,2000,AST
2002,2001,AST
2004,2002,AST
2004,2003,AST
2006,2004,AST
2006,2005,AST
2008,2006,AST
2008,2007,AST
2009,2008,AST
2010,2009,AST
2010,1993,AST
2013,2012,AST
2015,2013,AST
2015,2014,AST
2017,2015,AST
2017,2016,AST
2018,2017,AST
2020,2018,AST
2020,2019,AST
2021,2011,AST
2021,2020,AST
2025,2023,AST
2025,2024,AST
2026,2022,AST
2026,2025,AST
2030,2028,AST
2030,2029,AST
2031,2027,AST
2031,2030,AST
2034,2033,AST
2036,2034,AST
2036,2035,AST
2038,2036,AST
2038,2037,AST
2039,2038,AST
2041,2039,AST
2041,2040,AST
2042,2032,AST
2042,2041,AST
2046,2044,AST
2046,2045,AST
2047,2043,AST
2047,2046,AST
2050,2049,AST
2052,2050,AST
2052,2051,AST
2054,2052,AST
2054,2053,AST
2055,2054,AST
2056,2055,AST
2056,2048,AST
2059,2058,AST
2061,2059,AST
2061,2060,AST
2062,2057,AST
2062,2061,AST
2066,2065,AST
2068,2066,AST
2068,2067,AST
2069,2068,AST
2070,2064,AST
2070,2069,AST
2071,2063,AST
2071,2070,AST
2074,2073,AST
2075,2074,AST
2075,2072,AST
2079,2078,AST
2081,2079,AST
2081,2080,AST
2082,2081,AST
2083,2077,AST
2083,2082,AST
2084,2076,AST
2084,2083,AST
2087,2086,AST
2088,2087,AST
2088,2085,AST
2091,2090,AST
2093,2091,AST
2093,2092,AST
2094,2089,AST
2094,2093,AST
2098,2097,AST
2100,2098,AST
2100,2099,AST
2101,2100,AST
2102,2096,AST
2102,2101,AST
2103,2095,AST
2103,2102,AST
2107,2106,AST
2109,2107,AST
2109,2108,AST
2111,2109,AST
2111,2110,AST
2112,2111,AST
2113,2105,AST
2113,2112,AST
2114,2104,AST
2114,2113,AST
2118,2116,AST
2118,2117,AST
2119,2115,AST
2119,2118,AST
2123,2122,AST
2125,2123,AST
2125,2124,AST
2126,2125,AST
2127,2121,AST
2127,2126,AST
2128,2120,AST
2128,2127,AST
2132,2131,AST
2134,2132,AST
2134,2133,AST
2136,2134,AST
2136,2135,AST
2137,2136,AST
2138,2130,AST
2138,2137,AST
2139,2129,AST
2139,2138,AST
2143,2141,AST
2143,2142,AST
2144,2140,AST
2144,2143,AST
2147,2146,AST
2149,2147,AST
2149,2148,AST
2150,2145,AST
2150,2149,AST
2154,2152,AST
2154,2153,AST
2155,2151,AST
2155,2154,AST
2157,2156,AST
2159,2157,AST
2159,2158,AST
2161,2160,AST
2162,2161,AST
2162,2159,AST
2165,2164,AST
2167,2165,AST
2167,2166,AST
2168,2163,AST
2168,2167,AST
2171,2170,AST
2172,2171,AST
2172,2169,AST
2175,2174,AST
2177,2175,AST
2177,2176,AST
2178,2173,AST
2178,2177,AST
2182,2180,AST
2182,2181,AST
2183,2179,AST
2183,2182,AST
2187,2186,AST
2189,2187,AST
2189,2188,AST
2190,2189,AST
2191,2185,AST
2191,2190,AST
2192,2184,AST
2192,2191,AST
2195,2194,AST
2196,2195,AST
2196,2193,AST
2200,2199,AST
2202,2200,AST
2202,2201,AST
2203,2202,AST
2204,2198,AST
2204,2203,AST
2205,2197,AST
2205,2204,AST
2209,2207,AST
2209,2208,AST
2210,2206,AST
2210,2209,AST
2213,2212,AST
2215,2213,AST
2215,2214,AST
2216,2211,AST
2216,2215,AST
2219,2218,AST
2220,2219,AST
2220,2217,AST
2223,2222,AST
2225,2223,AST
2225,2224,AST
2226,2221,AST
2226,2225,AST
2229,2228,AST
2230,2229,AST
2230,2227,AST
2234,2233,AST
2235,2232,AST
2235,2234,AST
2236,2231,AST
2236,2235,AST
2239,2238,AST
2241,2239,AST
2241,2240,AST
2242,2237,AST
2242,2241,AST
2246,2245,AST
2247,2244,AST
2247,2246,AST
2248,2243,AST
2248,2247,AST
2250,2249,AST
2252,2250,AST
2252,2251,AST
2254,2253,AST
2255,2254,AST
2255,2252,AST
2259,2258,AST
2260,2257,AST
2260,2259,AST
2261,2256,AST
2261,2260,AST
2264,2263,AST
2266,2264,AST
2266,2265,AST
2267,2262,AST
2267,2266,AST
2270,2269,AST
2271,2270,AST
2271,2268,AST
2274,2273,AST
2276,2274,AST
2276,2275,AST
2277,2272,AST
2277,2276,AST
2281,2279,AST
2281,2280,AST
2282,2278,AST
2282,2281,AST
2285,2284,AST
2286,2283,AST
2286,2285,AST
2290,2288,AST
2290,2289,AST
2291,2287,AST
2291,2290,AST
2294,2293,AST
2295,2294,AST
2295,2292,AST
2299,2297,AST
2299,2298,AST
2300,2296,AST
2300,2299,AST
2303,2302,AST
2304,2303,AST
2304,2301,AST
2307,2306,AST
2308,2305,AST
2308,2307,AST
2311,2309,AST
2311,2310,AST
2313,2312,AST
2314,2313,AST
2314,2311,AST
2318,2317,AST
2319,2316,AST
2319,2318,AST
2320,2315,AST
2320,2319,AST
2324,2322,AST
2324,2323,AST
2325,2321,AST
2325,2324,AST
2328,2327,AST
2329,2328,AST
2329,2326,AST
2333,2332,AST
2335,2333,AST
2335,2334,AST
2336,2331,AST
2336,2335,AST
2340,2338,AST
2340,2339,AST
2341,2337,AST
2341,2340,AST
2344,2343,AST
2345,2342,AST
2345,2344,AST
2349,2347,AST
2349,2348,AST
2350,2346,AST
2350,2349,AST
2353,2352,AST
2354,2353,AST
2354,2351,AST
2358,2356,AST
2358,2357,AST
2359,2355,AST
2359,2358,AST
2362,2361,AST
2363,2362,AST
2363,2360,AST
2366,2365,AST
2367,2364,AST
2367,2366,AST
2370,2368,AST
2370,2369,AST
2372,2371,AST
2373,2372,AST
2373,2370,AST
2377,2376,AST
2378,2375,AST
2378,2377,AST
2379,2374,AST
2379,2378,AST
2383,2381,AST
2383,2382,AST
2384,2380,AST
2384,2383,AST
2387,2386,AST
2388,2387,AST
2388,2385,AST
2392,2391,AST
2394,2392,AST
2394,2393,AST
2395,2390,AST
2395,2394,AST
2399,2397,AST
2399,2398,AST
2400,2396,AST
2400,2399,AST
2403,2402,AST
2405,2403,AST
2405,2404,AST
2406,2401,AST
2406,2405,AST
2409,2408,AST
2410,2409,AST
2410,2407,AST
2412,2411,AST
2414,2412,AST
2414,2413,AST
2416,2415,AST
2417,2416,AST
2417,2414,AST
2419,2418,AST
2421,2420,AST
2423,2421,AST
2423,2422,AST
2425,2423,AST
2425,2424,AST
2427,2425,AST
2427,2426,AST
2429,2427,AST
2429,2428,AST
2430,2429,AST
2431,2430,AST
2431,2419,AST
2435,2434,AST
2436,2433,AST
2436,2435,AST
2437,2432,AST
2437,2436,AST
2440,2439,AST
2442,2440,AST
2442,2441,AST
2444,2442,AST
2444,2443,AST
2446,2444,AST
2446,2445,AST
2448,2446,AST
2448,2447,AST
2449,2448,AST
2450,2449,AST
2450,2438,AST
2453,2452,AST
2455,2453,AST
2455,2454,AST
2457,2455,AST
2457,2456,AST
2458,2457,AST
2460,2458,AST
2460,2459,AST
2461,2451,AST
2461,2460,AST
2464,2463,AST
2466,2464,AST
2466,2465,AST
2468,2466,AST
2468,2467,AST
2469,2468,AST
2471,2469,AST
2471,2470,AST
2472,2462,AST
2472,2471,AST
2476,2475,AST
2478,2476,AST
2478,2477,AST
2480,2478,AST
2480,2479,AST
2481,2480,AST
2482,2474,AST
2482,2481,AST
2483,2473,AST
2483,2482,AST
2486,2485,AST
2487,2486,AST
2487,2484,AST
2491,2490,AST
2493,2491,AST
2493,2492,AST
2495,2493,AST
2495,2494,AST
2497,2495,AST
2497,2496,AST
2499,2497,AST
2499,2498,AST
2500,2499,AST
2501,2489,AST
2501,2500,AST
2502,2488,AST
2502,2501,AST
2505,2504,AST
2507,2505,AST
2507,2506,AST
2508,2503,AST
2508,2507,AST
2512,2511,AST
2514,2512,AST
2514,2513,AST
2516,2514,AST
2516,2515,AST
2518,2516,AST
2518,2517,AST
2520,2518,AST
2520,2519,AST
2521,2520,AST
2522,2510,AST
2522,2521,AST
2523,2509,AST
2523,2522,AST
2526,2525,AST
2527,2526,AST
2527,2524,AST
2531,2530,AST
2533,2531,AST
2533,2532,AST
2535,2533,AST
2535,2534,AST
2537,2535,AST
2537,2536,AST
2539,2537,AST
2539,2538,AST
2540,2539,AST
2541,2529,AST
2541,2540,AST
2542,2528,AST
2542,2541,AST
2546,2545,AST
2547,2544,AST
2547,2546,AST
2548,2543,AST
2548,2547,AST
2552,2550,AST
2552,2551,AST
2553,2549,AST
2553,2552,AST
2556,2555,AST
2558,2556,AST
2558,2557,AST
2560,2558,AST
2560,2559,AST
2562,2560,AST
2562,2561,AST
2564,2562,AST
2564,2563,AST
2565,2564,AST
2566,2565,AST
2566,2554,AST
2569,2568,AST
2571,2569,AST
2571,2570,AST
2573,2571,AST
2573,2572,AST
2574,2573,AST
2576,2575,AST
2577,2574,AST
2577,2576,AST
2578,2567,AST
2578,2577,AST
2581,2580,AST
2583,2581,AST
2583,2582,AST
2585,2583,AST
2585,2584,AST
2586,2585,AST
2587,2586,AST
2587,2579,AST
2590,2589,AST
2592,2590,AST
2592,2591,AST
2594,2592,AST
2594,2593,AST
2596,2594,AST
2596,2595,AST
2598,2596,AST
2598,2597,AST
2599,2598,AST
2601,2599,AST
2601,2600,AST
2602,2588,AST
2602,2601,AST
2605,2604,AST
2607,2605,AST
2607,2606,AST
2609,2607,AST
2609,2608,AST
2611,2609,AST
2611,2610,AST
2613,2611,AST
2613,2612,AST
2614,2613,AST
2615,2614,AST
2615,2603,AST
2618,2617,AST
2620,2618,AST
2620,2619,AST
2622,2620,AST
2622,2621,AST
2624,2622,AST
2624,2623,AST
2626,2624,AST
2626,2625,AST
2627,2626,AST
2629,2627,AST
2629,2628,AST
2630,2616,AST
2630,2629,AST
2633,2632,AST
2635,2633,AST
2635,2634,AST
2637,2635,AST
2637,2636,AST
2639,2637,AST
2639,2638,AST
2641,2639,AST
2641,2640,AST
2642,2641,AST
2644,2642,AST
2644,2643,AST
2645,2631,AST
2645,2644,AST
2647,2646,AST
2649,2647,AST
2649,2648,AST
2651,2649,AST
2651,2650,AST
2652,2651,AST
2654,2653,AST
2656,2654,AST
2656,2655,AST
2658,2656,AST
2658,2657,AST
2660,2658,AST
2660,2659,AST
2662,2660,AST
2662,2661,AST
2663,2662,AST
2664,2663,AST
2664,2652,AST
2668,2667,AST
2670,2668,AST
2670,2669,AST
2672,2670,AST
2672,2671,AST
2674,2672,AST
2674,2673,AST
2676,2674,AST
2676,2675,AST
2677,2676,AST
2678,2666,AST
2678,2677,AST
2679,2665,AST
2679,2678,AST
2682,2681,AST
2684,2682,AST
2684,2683,AST
2686,2684,AST
2686,2685,AST
2687,2686,AST
2689,2687,AST
2689,2688,AST
2690,2680,AST
2690,2689,AST
2693,2692,AST
2694,2693,AST
2694,2691,AST
2698,2697,AST
2699,2696,AST
2699,2698,AST
2700,2695,AST
2700,2699,AST
2702,2709,AST
2702,2716,AST
2702,2717,AST
2704,2703,AST
2706,2704,AST
2706,2705,AST
2708,2706,AST
2708,2707,AST
2709,2708,AST
2711,2710,AST
2713,2711,AST
2713,2712,AST
2715,2713,AST
2715,2714,AST
2716,2715,AST
2718,2701,AST
2718,2702,AST
2721,2720,AST
2723,2721,AST
2723,2722,AST
2725,2723,AST
2725,2724,AST
2726,2725,AST
2727,2726,AST
2727,2719,AST
2729,2736,AST
2729,2738,AST
2729,2739,AST
2729,2751,AST
2731,2730,AST
2733,2731,AST
2733,2732,AST
2735,2733,AST
2735,2734,AST
2736,2735,AST
2738,2737,AST
2741,2740,AST
2743,2741,AST
2743,2742,AST
2745,2743,AST
2745,2744,AST
2746,2745,AST
2748,2746,AST
2748,2747,AST
2750,2748,AST
2750,2749,AST
2751,2750,AST
2752,2728,AST
2752,2729,AST
2755,2754,AST
2756,2755,AST
2756,2753,AST
2758,2757,AST
2760,2759,AST
2761,2760,AST
2761,2758,AST
2765,2764,AST
2767,2765,AST
2767,2766,AST
2769,2767,AST
2769,2768,AST
2770,2769,AST
2772,2770,AST
2772,2771,AST
2774,2772,AST
2774,2773,AST
2776,2774,AST
2776,2775,AST
2778,2776,AST
2778,2777,AST
2779,2763,AST
2779,2778,AST
2781,2779,AST
2781,2780,AST
2782,2762,AST
2782,2781,AST
2784,2783,AST
2786,2784,AST
2786,2785,AST
2788,2786,AST
2788,2787,AST
2790,2788,AST
2790,2789,AST
2792,2790,AST
2792,2791,AST
2793,2792,AST
2794,2793,AST
2794,2782,AST
2797,2796,AST
2799,2797,AST
2799,2798,AST
2801,2799,AST
2801,2800,AST
2802,2801,AST
2804,2802,AST
2804,2803,AST
2806,2804,AST
2806,2805,AST
2808,2806,AST
2808,2807,AST
2810,2808,AST
2810,2809,AST
2811,2810,AST
2812,2795,AST
2812,2811,AST
2815,2814,AST
2817,2815,AST
2817,2816,AST
2819,2817,AST
2819,2818,AST
2821,2819,AST
2821,2820,AST
2823,2821,AST
2823,2822,AST
2824,2823,AST
2825,2824,AST
2825,2813,AST
2828,2827,AST
2830,2828,AST
2830,2829,AST
2832,2830,AST
2832,2831,AST
2833,2832,AST
2835,2833,AST
2835,2834,AST
2837,2835,AST
2837,2836,AST
2839,2837,AST
2839,2838,AST
2841,2839,AST
2841,2840,AST
2842,2841,AST
2843,2826,AST
2843,2842,AST
2845,2844,AST
2848,2846,AST
2848,2847,AST
2850,2848,AST
2850,2849,AST
2852,2850,AST
2852,2851,AST
2854,2852,AST
2854,2853,AST
2855,2854,AST
2856,2855,AST
2856,2845,AST
2858,2857,AST
2860,2859,AST
2862,2860,AST
2862,2861,AST
2864,2862,AST
2864,2863,AST
2865,2864,AST
2867,2865,AST
2867,2866,AST
2869,2867,AST
2869,2868,AST
2871,2869,AST
2871,2870,AST
2873,2871,AST
2873,2872,AST
2874,2873,AST
2875,2874,AST
2875,2858,AST
2879,2878,AST
2881,2879,AST
2881,2880,AST
2883,2881,AST
2883,2882,AST
2884,2883,AST
2885,2877,AST
2885,2884,AST
2886,2876,AST
2886,2885,AST
2889,2888,AST
2891,2889,AST
2891,2890,AST
2893,2891,AST
2893,2892,AST
2895,2893,AST
2895,2894,AST
2897,2895,AST
2897,2896,AST
2898,2897,AST
2899,2898,AST
2899,2887,AST
2901,2908,AST
2901,2915,AST
2903,2902,AST
2905,2903,AST
2905,2904,AST
2907,2905,AST
2907,2906,AST
2908,2907,AST
2910,2909,AST
2912,2910,AST
2912,2911,AST
2914,2912,AST
2914,2913,AST
2915,2914,AST
2916,2900,AST
2916,2901,AST
2919,2918,AST
2920,2919,AST
2920,2917,AST
2923,2922,AST
2925,2923,AST
2925,2924,AST
2926,2921,AST
2926,2925,AST
2928,2934,AST
2928,2935,AST
2930,2929,AST
2932,2930,AST
2932,2931,AST
2934,2932,AST
2934,2933,AST
2936,2927,AST
2936,2928,AST
2939,2938,AST
2940,2939,AST
2940,2937,AST
2943,2942,AST
2945,2943,AST
2945,2944,AST
2946,2941,AST
2946,2945,AST
2948,2960,AST
2948,2961,AST
2950,2949,AST
2952,2950,AST
2952,2951,AST
2954,2952,AST
2954,2953,AST
2955,2954,AST
2957,2955,AST
2957,2956,AST
2959,2957,AST
2959,2958,AST
2960,2959,AST
2962,2947,AST
2962,2948,AST
2964,2965,AST
2964,2966,AST
2964,2967,AST
2968,2963,AST
2968,2964,AST
2971,2970,AST
2973,2971,AST
2973,2972,AST
2975,2973,AST
2975,2974,AST
2976,2975,AST
2977,2976,AST
2977,2969,AST
2980,2979,AST
2982,2980,AST
2982,2981,AST
2984,2982,AST
2984,2983,AST
2986,2984,AST
2986,2985,AST
2988,2986,AST
2988,2987,AST
2989,2988,AST
2991,2989,AST
2991,2990,AST
2992,2978,AST
2992,2991,AST
2995,2994,AST
2997,2995,AST
2997,2996,AST
2999,2997,AST
2999,2998,AST
3000,2999,AST
3001,3000,AST
3001,2993,AST
3004,3003,AST
3006,3004,AST
3006,3005,AST
3008,3006,AST
3008,3007,AST
3010,3008,AST
3010,3009,AST
3012,3010,AST
3012,3011,AST
3013,3012,AST
3015,3013,AST
3015,3014,AST
3016,3002,AST
3016,3015,AST
3020,3019,AST
3022,3020,AST
3022,3021,AST
3024,3022,AST
3024,3023,AST
3026,3024,AST
3026,3025,AST
3028,3026,AST
3028,3027,AST
3029,3028,AST
3030,3018,AST
3030,3029,AST
3031,3017,AST
3031,3030,AST
3034,3033,AST
3036,3034,AST
3036,3035,AST
3038,3036,AST
3038,3037,AST
3039,3038,AST
3040,3039,AST
3040,3032,AST
3043,3042,AST
3045,3043,AST
3045,3044,AST
3046,3041,AST
3046,3045,AST
3048,3047,AST
3050,3049,AST
3051,3050,AST
3051,3048,AST
3054,3053,AST
3056,3054,AST
3056,3055,AST
3058,3056,AST
3058,3057,AST
3060,3058,AST
3060,3059,AST
3062,3060,AST
3062,3061,AST
3063,3062,AST
3064,3052,AST
3064,3063,AST
3067,3066,AST
3069,3067,AST
3069,3068,AST
3071,3069,AST
3071,3070,AST
3073,3071,AST
3073,3072,AST
3075,3073,AST
3075,3074,AST
3076,3075,AST
3077,3065,AST
3077,3076,AST
3081,3079,AST
3081,3080,AST
3083,3081,AST
3083,3082,AST
3085,3083,AST
3085,3084,AST
3087,3085,AST
3087,3086,AST
3088,3087,AST
3089,3088,AST
3089,3078,AST
3092,3091,AST
3094,3092,AST
3094,3093,AST
3096,3094,AST
3096,3095,AST
3098,3096,AST
3098,3097,AST
3100,3098,AST
3100,3099,AST
3101,3100,AST
3102,3090,AST
3102,3101,AST
3105,3104,AST
3107,3105,AST
3107,3106,AST
3109,3107,AST
3109,3108,AST
3111,3109,AST
3111,3110,AST
3113,3111,AST
3113,3112,AST
3114,3113,AST
3115,3103,AST
3115,3114,AST
3119,3117,AST
3119,3118,AST
3121,3119,AST
3121,3120,AST
3123,3121,AST
3123,3122,AST
3125,3123,AST
3125,3124,AST
3126,3125,AST
3127,3126,AST
3127,3116,AST
3129,3128,AST
3131,3130,AST
3132,3131,AST
3132,3129,AST
3133,3134,AST
3135,3137,AST
3135,3136,AST
3135,3138,AST
3135,4651,AST
3139,3141,AST
3139,3140,AST
3139,3142,AST
3139,3143,AST
3139,4652,AST
3139,4653,AST
3144,3146,AST
3144,3145,AST
3144,3147,AST
3144,3148,AST
3144,3149,AST
3144,4654,AST
3144,4655,AST
3144,4656,AST
3146,3150,AST
3146,3151,AST
3146,3152,AST
3146,3153,AST
3146,3154,AST
3146,3155,AST
3146,3156,AST
3146,3157,AST
3146,3158,AST
3146,3159,AST
3146,3160,AST
3146,3161,AST
3146,3162,AST
3146,3163,AST
3146,3164,AST
3146,3165,AST
3146,3166,AST
3146,3167,AST
3146,3168,AST
3146,3169,AST
3146,3170,AST
3146,3171,AST
3146,3172,AST
3146,3173,AST
3146,3174,AST
3146,3175,AST
3146,3176,AST
3146,3177,AST
3146,3178,AST
3146,3179,AST
3146,3180,AST
3146,3181,AST
3146,3182,AST
3146,3183,AST
3146,3184,AST
3146,3185,AST
3146,3186,AST
3146,3187,AST
3146,3188,AST
3146,3189,AST
3146,3190,AST
3146,3191,AST
3146,3192,AST
3146,3193,AST
3146,3194,AST
3146,3195,AST
3146,3196,AST
3146,3197,AST
3146,3198,AST
3146,3202,AST
3146,3206,AST
3146,3210,AST
3146,3214,AST
3146,3219,AST
3146,3225,AST
3146,3229,AST
3146,3235,AST
3146,3241,AST
3146,3247,AST
3146,3251,AST
3146,3256,AST
3146,3262,AST
3146,3272,AST
3146,3276,AST
3146,3282,AST
3146,3289,AST
3146,3294,AST
3146,3300,AST
3146,3305,AST
3146,3311,AST
3146,3316,AST
3146,3320,AST
3146,3326,AST
3146,3335,AST
3146,3341,AST
3146,3346,AST
3146,3358,AST
3146,3362,AST
3146,3368,AST
3146,3372,AST
3146,3378,AST
3146,3384,AST
3146,3389,AST
3146,3395,AST
3146,3400,AST
3146,3404,AST
3146,3410,AST
3146,3419,AST
3146,3426,AST
3146,3429,AST
3146,3436,AST
3146,3441,AST
3146,3450,AST
3146,3455,AST
3146,3460,AST
3146,3467,AST
3146,3473,AST
3146,3478,AST
3146,3484,AST
3146,3489,AST
3146,3494,AST
3146,3500,AST
3146,3510,AST
3146,3514,AST
3146,3523,AST
3146,3529,AST
3146,3534,AST
3146,3539,AST
3146,3545,AST
3146,3556,AST
3146,3562,AST
3146,3571,AST
3146,3572,AST
3201,3200,AST
3202,3201,AST
3202,3199,AST
3205,3204,AST
3206,3205,AST
3206,3203,AST
3209,3208,AST
3210,3209,AST
3210,3207,AST
3213,3212,AST
3214,3213,AST
3214,3211,AST
3216,3215,AST
3218,3217,AST
3219,3218,AST
3219,3216,AST
3221,3223,AST
3221,3224,AST
3223,3222,AST
3225,3220,AST
3225,3221,AST
3228,3227,AST
3229,3228,AST
3229,3226,AST
3232,3231,AST
3234,3232,AST
3234,3233,AST
3235,3230,AST
3235,3234,AST
3238,3237,AST
3240,3238,AST
3240,3239,AST
3241,3236,AST
3241,3240,AST
3243,3245,AST
3243,3246,AST
3245,3244,AST
3247,3242,AST
3247,3243,AST
3250,3249,AST
3251,3250,AST
3251,3248,AST
3253,3252,AST
3255,3254,AST
3256,3255,AST
3256,3253,AST
3259,3258,AST
3261,3259,AST
3261,3260,AST
3262,3257,AST
3262,3261,AST
3264,3263,AST
3266,3264,AST
3266,3265,AST
3268,3266,AST
3268,3267,AST
3269,3268,AST
3271,3270,AST
3272,3271,AST
3272,3269,AST
3275,3274,AST
3276,3275,AST
3276,3273,AST
3279,3278,AST
3281,3279,AST
3281,3280,AST
3282,3277,AST
3282,3281,AST
3286,3285,AST
3287,3286,AST
3288,3284,AST
3288,3287,AST
3289,3283,AST
3289,3288,AST
3293,3291,AST
3293,3292,AST
3294,3290,AST
3294,3293,AST
3296,3298,AST
3296,3299,AST
3298,3297,AST
3300,3295,AST
3300,3296,AST
3304,3302,AST
3304,3303,AST
3305,3301,AST
3305,3304,AST
3307,3309,AST
3307,3310,AST
3309,3308,AST
3311,3306,AST
3311,3307,AST
3315,3313,AST
3315,3314,AST
3316,3312,AST
3316,3315,AST
3319,3318,AST
3320,3319,AST
3320,3317,AST
3323,3322,AST
3325,3323,AST
3325,3324,AST
3326,3321,AST
3326,3325,AST
3329,3328,AST
3331,3329,AST
3331,3330,AST
3333,3331,AST
3333,3332,AST
3334,3333,AST
3335,3334,AST
3335,3327,AST
3337,3339,AST
3337,3340,AST
3339,3338,AST
3341,3336,AST
3341,3337,AST
3345,3343,AST
3345,3344,AST
3346,3342,AST
3346,3345,AST
3348,3355,AST
3348,3357,AST
3350,3349,AST
3352,3350,AST
3352,3351,AST
3354,3352,AST
3354,3353,AST
3355,3354,AST
3357,3356,AST
3358,3347,AST
3358,3348,AST
3361,3360,AST
3362,3361,AST
3362,3359,AST
3364,3366,AST
3364,3367,AST
3366,3365,AST
3368,3363,AST
3368,3364,AST
3371,3370,AST
3372,3371,AST
3372,3369,AST
3375,3374,AST
3377,3375,AST
3377,3376,AST
3378,3373,AST
3378,3377,AST
3380,3382,AST
3380,3383,AST
3382,3381,AST
3384,3379,AST
3384,3380,AST
3388,3386,AST
3388,3387,AST
3389,3385,AST
3389,3388,AST
3391,3393,AST
3391,3394,AST
3393,3392,AST
3395,3390,AST
3395,3391,AST
3399,3397,AST
3399,3398,AST
3400,3396,AST
3400,3399,AST
3403,3402,AST
3404,3403,AST
3404,3401,AST
3407,3406,AST
3409,3407,AST
3409,3408,AST
3410,3405,AST
3410,3409,AST
3413,3412,AST
3415,3413,AST
3415,3414,AST
3417,3415,AST
3417,3416,AST
3418,3417,AST
3419,3418,AST
3419,3411,AST
3421,3420,AST
3423,3421,AST
3423,3422,AST
3425,3424,AST
3426,3425,AST
3426,3423,AST
3429,3427,AST
3429,3428,AST
3433,3432,AST
3434,3433,AST
3435,3431,AST
3435,3434,AST
3436,3430,AST
3436,3435,AST
3440,3438,AST
3440,3439,AST
3441,3437,AST
3441,3440,AST
3445,3444,AST
3447,3445,AST
3447,3446,AST
3448,3447,AST
3449,3443,AST
3449,3448,AST
3450,3442,AST
3450,3449,AST
3454,3452,AST
3454,3453,AST
3455,3451,AST
3455,3454,AST
3459,3457,AST
3459,3458,AST
3460,3456,AST
3460,3459,AST
3462,3461,AST
3464,3462,AST
3464,3463,AST
3466,3465,AST
3467,3466,AST
3467,3464,AST
3469,3471,AST
3469,3472,AST
3471,3470,AST
3473,3468,AST
3473,3469,AST
3477,3475,AST
3477,3476,AST
3478,3474,AST
3478,3477,AST
3480,3482,AST
3480,3483,AST
3482,3481,AST
3484,3479,AST
3484,3480,AST
3488,3486,AST
3488,3487,AST
3489,3485,AST
3489,3488,AST
3492,3491,AST
3493,3492,AST
3494,3493,AST
3494,3490,AST
3497,3496,AST
3499,3497,AST
3499,3498,AST
3500,3495,AST
3500,3499,AST
3502,3501,AST
3504,3503,AST
3506,3504,AST
3506,3505,AST
3508,3506,AST
3508,3507,AST
3509,3508,AST
3510,3509,AST
3510,3502,AST
3513,3512,AST
3514,3513,AST
3514,3511,AST
3517,3516,AST
3519,3517,AST
3519,3518,AST
3520,3519,AST
3522,3520,AST
3522,3521,AST
3523,3515,AST
3523,3522,AST
3525,3527,AST
3525,3528,AST
3527,3526,AST
3529,3524,AST
3529,3525,AST
3533,3531,AST
3533,3532,AST
3534,3530,AST
3534,3533,AST
3537,3536,AST
3538,3537,AST
3539,3538,AST
3539,3535,AST
3542,3541,AST
3544,3542,AST
3544,3543,AST
3545,3540,AST
3545,3544,AST
3548,3547,AST
3550,3548,AST
3550,3549,AST
3552,3550,AST
3552,3551,AST
3553,3552,AST
3555,3553,AST
3555,3554,AST
3556,3546,AST
3556,3555,AST
3558,3560,AST
3558,3561,AST
3560,3559,AST
3562,3557,AST
3562,3558,AST
3565,3564,AST
3567,3565,AST
3567,3566,AST
3569,3567,AST
3569,3568,AST
3570,3569,AST
3571,3570,AST
3571,3563,AST
3572,3574,AST
3574,3573,AST
3575,3577,AST
3575,3576,AST
3575,3578,AST
3575,3579,AST
3575,4657,AST
3575,4658,AST
3580,3582,AST
3580,3581,AST
3580,3583,AST
3580,3584,AST
3580,3585,AST
3580,4659,AST
3580,4660,AST
3580,4661,AST
3586,3588,AST
3586,3587,AST
3586,3589,AST
3586,3590,AST
3586,4662,AST
3586,4663,AST
3591,3593,AST
3591,3592,AST
3591,3594,AST
3591,3595,AST
3591,3596,AST
3591,3597,AST
3591,4664,AST
3591,4665,AST
3591,4666,AST
3591,4667,AST
3598,3600,AST
3598,3599,AST
3598,3601,AST
3598,4668,AST
3602,3604,AST
3602,3603,AST
3602,3605,AST
3602,3606,AST
3602,4669,AST
3602,4670,AST
3607,3609,AST
3607,3608,AST
3607,3610,AST
3607,3611,AST
3607,3612,AST
3607,4671,AST
3607,4672,AST
3607,4673,AST
3613,3615,AST
3613,3614,AST
3613,3616,AST
3613,3617,AST
3613,3618,AST
3613,3619,AST
3613,4674,AST
3613,4675,AST
3613,4676,AST
3613,4677,AST
3620,3622,AST
3620,3621,AST
3620,3623,AST
3620,4678,AST
3622,3624,AST
3622,3625,AST
3622,3626,AST
3622,3627,AST
3622,3628,AST
3622,3629,AST
3622,3630,AST
3622,3631,AST
3622,3632,AST
3622,3633,AST
3622,3634,AST
3622,3638,AST
3622,3647,AST
3622,3656,AST
3622,3661,AST
3622,3666,AST
3622,3675,AST
3622,3680,AST
3622,3685,AST
3622,3694,AST
3622,3699,AST
3622,3704,AST
3622,3705,AST
3637,3636,AST
3638,3637,AST
3638,3635,AST
3642,3641,AST
3644,3642,AST
3644,3643,AST
3645,3644,AST
3646,3640,AST
3646,3645,AST
3647,3639,AST
3647,3646,AST
3651,3650,AST
3653,3651,AST
3653,3652,AST
3654,3653,AST
3655,3649,AST
3655,3654,AST
3656,3648,AST
3656,3655,AST
3660,3658,AST
3660,3659,AST
3661,3657,AST
3661,3660,AST
3665,3663,AST
3665,3664,AST
3666,3662,AST
3666,3665,AST
3670,3669,AST
3672,3670,AST
3672,3671,AST
3673,3672,AST
3674,3668,AST
3674,3673,AST
3675,3667,AST
3675,3674,AST
3679,3677,AST
3679,3678,AST
3680,3676,AST
3680,3679,AST
3684,3682,AST
3684,3683,AST
3685,3681,AST
3685,3684,AST
3689,3688,AST
3691,3689,AST
3691,3690,AST
3692,3691,AST
3693,3687,AST
3693,3692,AST
3694,3686,AST
3694,3693,AST
3698,3696,AST
3698,3697,AST
3699,3695,AST
3699,3698,AST
3703,3701,AST
3703,3702,AST
3704,3700,AST
3704,3703,AST
3705,3706,AST
3707,3709,AST
3707,3708,AST
3707,3710,AST
3707,3711,AST
3707,4679,AST
3707,4680,AST
3712,3714,AST
3712,3713,AST
3712,3715,AST
3712,3716,AST
3712,4681,AST
3712,4682,AST
3717,3719,AST
3717,3718,AST
3717,3720,AST
3717,3721,AST
3717,4683,AST
3717,4684,AST
3722,3724,AST
3722,3723,AST
3722,3725,AST
3722,3726,AST
3722,4685,AST
3722,4686,AST
3727,3729,AST
3727,3728,AST
3730,3732,AST
3730,3731,AST
3730,3733,AST
3730,3734,AST
3730,4687,AST
3730,4688,AST
3735,3737,AST
3735,3736,AST
3735,3738,AST
3735,3739,AST
3735,4689,AST
3735,4690,AST
3737,3740,AST
3737,3741,AST
3737,3742,AST
3737,3743,AST
3737,3744,AST
3737,3745,AST
3737,3746,AST
3737,3747,AST
3737,3748,AST
3737,3749,AST
3737,3750,AST
3737,3751,AST
3737,3752,AST
3737,3753,AST
3737,3754,AST
3737,3755,AST
3737,3756,AST
3737,3757,AST
3737,3758,AST
3737,3759,AST
3737,3760,AST
3737,3761,AST
3737,3762,AST
3737,3763,AST
3737,3767,AST
3737,3771,AST
3737,3782,AST
3737,3786,AST
3737,3792,AST
3737,3797,AST
3737,3801,AST
3737,3806,AST
3737,3812,AST
3737,3821,AST
3737,3826,AST
3737,3831,AST
3737,3835,AST
3737,3842,AST
3737,3847,AST
3737,3858,AST
3737,3862,AST
3737,3867,AST
3737,3877,AST
3737,3882,AST
3737,3889,AST
3737,3896,AST
3737,3903,AST
3737,3910,AST
3737,3914,AST
3737,3920,AST
3737,3924,AST
3737,3929,AST
3737,3937,AST
3737,3944,AST
3737,3951,AST
3737,3958,AST
3737,3965,AST
3737,3969,AST
3737,3975,AST
3737,3979,AST
3737,3984,AST
3737,3985,AST
3766,3765,AST
3767,3766,AST
3767,3764,AST
3770,3769,AST
3771,3770,AST
3771,3768,AST
3773,3780,AST
3773,3781,AST
3775,3774,AST
3777,3775,AST
3777,3776,AST
3779,3777,AST
3779,3778,AST
3780,3779,AST
3782,3772,AST
3782,3773,AST
3785,3784,AST
3786,3785,AST
3786,3783,AST
3789,3788,AST
3791,3789,AST
3791,3790,AST
3792,3787,AST
3792,3791,AST
3794,3796,AST
3796,3795,AST
3797,3793,AST
3797,3794,AST
3800,3799,AST
3801,3800,AST
3801,3798,AST
3805,3803,AST
3805,3804,AST
3806,3802,AST
3806,3805,AST
3809,3808,AST
3811,3809,AST
3811,3810,AST
3812,3807,AST
3812,3811,AST
3816,3815,AST
3818,3816,AST
3818,3817,AST
3819,3818,AST
3820,3814,AST
3820,3819,AST
3821,3813,AST
3821,3820,AST
3825,3823,AST
3825,3824,AST
3826,3822,AST
3826,3825,AST
3828,3830,AST
3830,3829,AST
3831,3827,AST
3831,3828,AST
3834,3833,AST
3835,3834,AST
3835,3832,AST
3838,3837,AST
3840,3839,AST
3841,3838,AST
3841,3840,AST
3842,3836,AST
3842,3841,AST
3846,3844,AST
3846,3845,AST
3847,3843,AST
3847,3846,AST
3849,3856,AST
3849,3857,AST
3851,3850,AST
3853,3851,AST
3853,3852,AST
3855,3853,AST
3855,3854,AST
3856,3855,AST
3858,3848,AST
3858,3849,AST
3861,3860,AST
3862,3861,AST
3862,3859,AST
3864,3863,AST
3866,3865,AST
3867,3866,AST
3867,3864,AST
3869,3868,AST
3871,3870,AST
3872,3869,AST
3872,3871,AST
3874,3872,AST
3874,3873,AST
3876,3875,AST
3877,3876,AST
3877,3874,AST
3879,3878,AST
3881,3880,AST
3882,3881,AST
3882,3879,AST
3885,3884,AST
3887,3886,AST
3888,3885,AST
3888,3887,AST
3889,3883,AST
3889,3888,AST
3891,3890,AST
3892,3891,AST
3894,3893,AST
3895,3894,AST
3896,3895,AST
3896,3892,AST
3898,3897,AST
3900,3898,AST
3900,3899,AST
3902,3901,AST
3903,3902,AST
3903,3900,AST
3905,3904,AST
3907,3905,AST
3907,3906,AST
3909,3908,AST
3910,3909,AST
3910,3907,AST
3913,3912,AST
3914,3911,AST
3914,3913,AST
3917,3915,AST
3917,3916,AST
3919,3918,AST
3920,3919,AST
3920,3917,AST
3923,3922,AST
3924,3923,AST
3924,3921,AST
3926,3925,AST
3928,3927,AST
3929,3928,AST
3929,3926,AST
3931,3930,AST
3933,3932,AST
3934,3931,AST
3934,3933,AST
3936,3935,AST
3937,3936,AST
3937,3934,AST
3940,3939,AST
3942,3941,AST
3943,3940,AST
3943,3942,AST
3944,3938,AST
3944,3943,AST
3946,3945,AST
3947,3946,AST
3949,3948,AST
3950,3949,AST
3951,3950,AST
3951,3947,AST
3953,3952,AST
3955,3953,AST
3955,3954,AST
3957,3956,AST
3958,3957,AST
3958,3955,AST
3960,3959,AST
3962,3960,AST
3962,3961,AST
3964,3963,AST
3965,3964,AST
3965,3962,AST
3968,3967,AST
3969,3966,AST
3969,3968,AST
3972,3970,AST
3972,3971,AST
3974,3973,AST
3975,3974,AST
3975,3972,AST
3978,3977,AST
3979,3978,AST
3979,3976,AST
3982,3981,AST
3983,3982,AST
3984,3983,AST
3984,3980,AST
3986,3988,AST
3986,3987,AST
3986,3989,AST
3986,3990,AST
3986,3991,AST
3986,3992,AST
3986,3993,AST
3986,3994,AST
3986,4691,AST
3986,4692,AST
3986,4693,AST
3986,4694,AST
3986,4695,AST
3986,4696,AST
3988,3995,AST
3988,3996,AST
3988,3997,AST
3988,3998,AST
3988,3999,AST
3988,4000,AST
3988,4001,AST
3988,4002,AST
3988,4003,AST
3988,4004,AST
3988,4005,AST
3988,4006,AST
3988,4007,AST
3988,4008,AST
3988,4009,AST
3988,4010,AST
3988,4011,AST
3988,4012,AST
3988,4013,AST
3988,4014,AST
3988,4015,AST
3988,4016,AST
3988,4017,AST
3988,4018,AST
3988,4019,AST
3988,4020,AST
3988,4021,AST
3988,4022,AST
3988,4023,AST
3988,4024,AST
3988,4025,AST
3988,4029,AST
3988,4033,AST
3988,4037,AST
3988,4041,AST
3988,4045,AST
3988,4049,AST
3988,4053,AST
3988,4057,AST
3988,4072,AST
3988,4083,AST
3988,4088,AST
3988,4092,AST
3988,4098,AST
3988,4104,AST
3988,4123,AST
3988,4132,AST
3988,4138,AST
3988,4152,AST
3988,4156,AST
3988,4161,AST
3988,4194,AST
3988,4212,AST
3988,4225,AST
3988,4243,AST
3988,4256,AST
3988,4275,AST
3988,4294,AST
3988,4305,AST
3988,4318,AST
3988,4324,AST
3988,4337,AST
3988,4341,AST
3988,4347,AST
3988,4351,AST
3988,4366,AST
3988,4370,AST
3988,4376,AST
3988,4380,AST
3988,4386,AST
3988,4390,AST
3988,4396,AST
3988,4402,AST
3988,4403,AST
4028,4027,AST
4029,4028,AST
4029,4026,AST
4032,4031,AST
4033,4032,AST
4033,4030,AST
4036,4035,AST
4037,4036,AST
4037,4034,AST
4040,4039,AST
4041,4040,AST
4041,4038,AST
4044,4043,AST
4045,4044,AST
4045,4042,AST
4048,4047,AST
4049,4048,AST
4049,4046,AST
4052,4051,AST
4053,4052,AST
4053,4050,AST
4056,4055,AST
4057,4056,AST
4057,4054,AST
4061,4060,AST
4063,4061,AST
4063,4062,AST
4065,4063,AST
4065,4064,AST
4067,4065,AST
4067,4066,AST
4069,4067,AST
4069,4068,AST
4070,4069,AST
4071,4059,AST
4071,4070,AST
4072,4058,AST
4072,4071,AST
4075,4074,AST
4077,4075,AST
4077,4076,AST
4079,4077,AST
4079,4078,AST
4080,4079,AST
4082,4080,AST
4082,4081,AST
4083,4073,AST
4083,4082,AST
4087,4085,AST
4087,4086,AST
4088,4084,AST
4088,4087,AST
4091,4090,AST
4092,4091,AST
4092,4089,AST
4095,4094,AST
4097,4095,AST
4097,4096,AST
4098,4093,AST
4098,4097,AST
4101,4100,AST
4103,4101,AST
4103,4102,AST
4104,4099,AST
4104,4103,AST
4106,4113,AST
4106,4120,AST
4106,4122,AST
4108,4107,AST
4110,4108,AST
4110,4109,AST
4112,4110,AST
4112,4111,AST
4113,4112,AST
4115,4114,AST
4117,4115,AST
4117,4116,AST
4119,4117,AST
4119,4118,AST
4120,4119,AST
4122,4121,AST
4123,4105,AST
4123,4106,AST
4126,4125,AST
4128,4126,AST
4128,4127,AST
4130,4128,AST
4130,4129,AST
4131,4130,AST
4132,4131,AST
4132,4124,AST
4136,4135,AST
4137,4134,AST
4137,4136,AST
4138,4133,AST
4138,4137,AST
4140,4147,AST
4140,4148,AST
4140,4149,AST
4140,4151,AST
4142,4141,AST
4144,4142,AST
4144,4143,AST
4146,4144,AST
4146,4145,AST
4147,4146,AST
4151,4150,AST
4152,4139,AST
4152,4140,AST
4155,4154,AST
4156,4155,AST
4156,4153,AST
4158,4157,AST
4160,4159,AST
4161,4160,AST
4161,4158,AST
4165,4164,AST
4167,4165,AST
4167,4166,AST
4169,4167,AST
4169,4168,AST
4170,4169,AST
4172,4170,AST
4172,4171,AST
4174,4172,AST
4174,4173,AST
4176,4174,AST
4176,4175,AST
4178,4176,AST
4178,4177,AST
4179,4163,AST
4179,4178,AST
4181,4179,AST
4181,4180,AST
4182,4162,AST
4182,4181,AST
4184,4183,AST
4186,4184,AST
4186,4185,AST
4188,4186,AST
4188,4187,AST
4190,4188,AST
4190,4189,AST
4192,4190,AST
4192,4191,AST
4193,4192,AST
4194,4193,AST
4194,4182,AST
4197,4196,AST
4199,4197,AST
4199,4198,AST
4201,4199,AST
4201,4200,AST
4202,4201,AST
4204,4202,AST
4204,4203,AST
4206,4204,AST
4206,4205,AST
4208,4206,AST
4208,4207,AST
4210,4208,AST
4210,4209,AST
4211,4210,AST
4212,4195,AST
4212,4211,AST
4215,4214,AST
4217,4215,AST
4217,4216,AST
4219,4217,AST
4219,4218,AST
4221,4219,AST
4221,4220,AST
4223,4221,AST
4223,4222,AST
4224,4223,AST
4225,4224,AST
4225,4213,AST
4228,4227,AST
4230,4228,AST
4230,4229,AST
4232,4230,AST
4232,4231,AST
4233,4232,AST
4235,4233,AST
4235,4234,AST
4237,4235,AST
4237,4236,AST
4239,4237,AST
4239,4238,AST
4241,4239,AST
4241,4240,AST
4242,4241,AST
4243,4226,AST
4243,4242,AST
4245,4244,AST
4248,4246,AST
4248,4247,AST
4250,4248,AST
4250,4249,AST
4252,4250,AST
4252,4251,AST
4254,4252,AST
4254,4253,AST
4255,4254,AST
4256,4255,AST
4256,4245,AST
4258,4257,AST
4260,4259,AST
4262,4260,AST
4262,4261,AST
4264,4262,AST
4264,4263,AST
4265,4264,AST
4267,4265,AST
4267,4266,AST
4269,4267,AST
4269,4268,AST
4271,4269,AST
4271,4270,AST
4273,4271,AST
4273,4272,AST
4274,4273,AST
4275,4274,AST
4275,4258,AST
4277,4276,AST
4279,4277,AST
4279,4278,AST
4281,4279,AST
4281,4280,AST
4282,4281,AST
4284,4283,AST
4286,4284,AST
4286,4285,AST
4288,4286,AST
4288,4287,AST
4290,4288,AST
4290,4289,AST
4292,4290,AST
4292,4291,AST
4293,4292,AST
4294,4293,AST
4294,4282,AST
4298,4297,AST
4300,4298,AST
4300,4299,AST
4302,4300,AST
4302,4301,AST
4303,4302,AST
4304,4296,AST
4304,4303,AST
4305,4295,AST
4305,4304,AST
4308,4307,AST
4310,4308,AST
4310,4309,AST
4312,4310,AST
4312,4311,AST
4314,4312,AST
4314,4313,AST
4316,4314,AST
4316,4315,AST
4317,4316,AST
4318,4317,AST
4318,4306,AST
4321,4320,AST
4323,4321,AST
4323,4322,AST
4324,4319,AST
4324,4323,AST
4326,4328,AST
4326,4334,AST
4326,4336,AST
4328,4327,AST
4330,4329,AST
4332,4330,AST
4332,4331,AST
4334,4332,AST
4334,4333,AST
4336,4335,AST
4337,4325,AST
4337,4326,AST
4340,4339,AST
4341,4340,AST
4341,4338,AST
4344,4343,AST
4346,4344,AST
4346,4345,AST
4347,4342,AST
4347,4346,AST
4350,4349,AST
4351,4350,AST
4351,4348,AST
4354,4353,AST
4356,4354,AST
4356,4355,AST
4358,4356,AST
4358,4357,AST
4360,4358,AST
4360,4359,AST
4362,4360,AST
4362,4361,AST
4363,4362,AST
4365,4363,AST
4365,4364,AST
4366,4352,AST
4366,4365,AST
4369,4368,AST
4370,4369,AST
4370,4367,AST
4373,4372,AST
4375,4373,AST
4375,4374,AST
4376,4371,AST
4376,4375,AST
4379,4378,AST
4380,4379,AST
4380,4377,AST
4384,4383,AST
4385,4382,AST
4385,4384,AST
4386,4381,AST
4386,4385,AST
4389,4388,AST
4390,4389,AST
4390,4387,AST
4393,4392,AST
4395,4393,AST
4395,4394,AST
4396,4391,AST
4396,4395,AST
4399,4398,AST
4401,4399,AST
4401,4400,AST
4402,4397,AST
4402,4401,AST
4403,4405,AST
4405,4404,AST
4406,4408,AST
4406,4407,AST
4406,4409,AST
4406,4697,AST
4557,4558,AST
4557,4559,AST
4557,4560,AST
4557,4698,AST
4561,4562,AST
4561,4563,AST
4561,4564,AST
4561,4565,AST
4561,4699,AST
4561,4700,AST
4566,4567,AST
4566,4568,AST
4566,4569,AST
4566,4570,AST
4566,4701,AST
4566,4702,AST
4571,4572,AST
4571,4573,AST
4571,4574,AST
4571,4575,AST
4571,4703,AST
4571,4704,AST
4576,4577,AST
4576,4578,AST
4576,4579,AST
4576,4580,AST
4576,4705,AST
4576,4706,AST
4581,4582,AST
4581,4583,AST
4581,4584,AST
4581,4585,AST
4581,4707,AST
4581,4708,AST
4586,4587,AST
4586,4588,AST
4586,4589,AST
4586,4709,AST
4590,4591,AST
4590,4592,AST
4590,4593,AST
4590,4594,AST
4590,4710,AST
4590,4711,AST
4595,4596,AST
4595,4597,AST
4595,4598,AST
4595,4599,AST
4595,4712,AST
4595,4713,AST
4600,4601,AST
4600,4602,AST
4600,4603,AST
4600,4604,AST
4600,4714,AST
4600,4715,AST
4605,4606,AST
4605,4607,AST
4605,4608,AST
4605,4609,AST
4605,4716,AST
4605,4717,AST
4610,4611,AST
4610,4612,AST
4610,4613,AST
4610,4614,AST
4610,4718,AST
4610,4719,AST
4615,4616,AST
4615,4617,AST
4615,4618,AST
4615,4619,AST
4615,4720,AST
4615,4721,AST
4620,4621,AST
4620,4622,AST
4620,4623,AST
4620,4624,AST
4620,4722,AST
4620,4723,AST
4625,4626,AST
4625,4627,AST
4625,4628,AST
4625,4629,AST
4625,4724,AST
4625,4725,AST
4630,4631,AST
4630,4632,AST
4630,4633,AST
4630,4634,AST
4630,4726,AST
4630,4727,AST
4635,4636,AST
4635,4637,AST
4635,4638,AST
4635,4639,AST
4635,4728,AST
4635,4729,AST
4640,4641,AST
4640,4642,AST
4640,4643,AST
4640,4644,AST
4640,4645,AST
4640,4730,AST
4640,4731,AST
4640,4732,AST
